# wmi	manufacturer	manufacturer specific code
007	Koenigsegg
034	Carvia
10R	E-Z-GO
10T	Oshkosh Corporation
11V	OTTAWA
12A	Avanti
137	AM General Hummer & Hummer H1
145	HYUNDAI
15G	Gillig bus
16X	Vixen 21 motorhome
177	THOMAS
17N	John Deere incomplete vehicle (RV chassis)
18X	WRV
19U	Acura car made by Honda of America Mfg. in Ohio
19V	Acura car made by Honda Manufacturing of Indiana
19X	Honda car made by Honda Manufacturing of Indiana
1A4	Chrysler brand MPV/SUV 2006–2009 only
1A8	Chrysler brand MPV/SUV 2006–2009 only
1AC	American Motors Corporation MPV
1AF	American LaFrance truck
1AM	American Motors Corporation car & Renault Alliance 1983 only
1B	DODGE
1B3	Dodge car 1981–2011
1B4	Dodge MPV/SUV 1981–2002
1B6	Dodge incomplete vehicle 1981–2002
1B7	Dodge truck 1981–2002
1B9	Buell Motorcycle Company through mid 1995	133
1BA	Blue Bird Corporation bus
1BB	Blue Bird Wanderlodge MPV
1BD	Blue Bird Corporation incomplete vehicle
1BL	Balko, Inc. from Ladysmith, WI
1C	CHRYSLER
1C3	Chrysler brand car 1981–2011
1C4	Chrysler brand MPV 1990–2005
1C6	Chrysler Group (all brands) truck 2012–
1C8	Chrysler brand MPV 2001–2005
1C9	CX Automotive	291
1CM	Checker Motors Corporation
1CU	Cushman Haulster (Cushman division of Outboard Marine Corporation)
1CY	Crane Carrier Company
1D3	Dodge truck 2002–2009
1D4	Dodge MPV/SUV 2003–2011 only
1D5	DODGE
1D7	Dodge truck 2002–2011
1D8	Dodge MPV/SUV 2003–2009 only
1EC	FLEETWOOD
1F	Ford
1F1	Ford SUV – limousine (through 2009)
1F4	FORD
1F6	Ford stripped chassis made by Detroit Chassis LLC
1F9	Seagrave	ST2
1FA	Ford car
1FB	Ford "bus" (van with more than 3 rows of seats)
1FC	Ford stripped chassis made by Ford
1FD	Ford incomplete vehicle (chassis cab)
1FE	FORD
1FF	FORD
1FM	Ford MPV/SUV
1FT	Ford truck
1FU	Freightliner Trucks
1FV	Freightliner Trucks
1G	General Motors
1G0	GMC "bus" (van with more than 3 rows of seats) 1981–1986
1G1	Chevrolet car
1G2	Pontiac car
1G3	Oldsmobile car
1G4	Buick car
1G5	GMC MPV/SUV 1981–1986
1G6	Cadillac car
1G7	Pontiac car only sold by GM Canada
1G8	Chevrolet MPV/SUV 1981–1986
1G9	Google & Waymo	495
1GA	Chevrolet "bus" (van with more than 3 rows of seats)
1GB	Chevrolet incomplete vehicles
1GC	Chevrolet truck
1GD	GMC incomplete vehicles
1GE	Cadillac incomplete vehicle
1GF	Flxible bus
1GG	Isuzu pickup trucks made by GM
1GH	Oldsmobile MPV/SUV 1990–2004
1GJ	GMC "bus" (van with more than 3 rows of seats) 1987–
1GK	GMC MPV/SUV 1987–
1GM	Pontiac MPV
1GN	Chevrolet MPV/SUV 1987-
1GT	GMC truck
1GY	Cadillac SUV
1H	 HONDA USA
1H9	Crane Carrier Company	A
1HA	Chevrolet incomplete vehicles made by Navistar International
1HD	Harley-Davidson
1HF	Honda motorcycle/ATV/UTV
1HG	Honda car made by Honda of America Mfg. in Ohio
1HS	International Trucks & Caterpillar Trucks truck
1HT	International Trucks & Caterpillar Trucks & Chevrolet Silverado 4500HD, 5500HD, 6500HD incomplete vehicle
1HV	IC Bus incomplete bus
1J	JEEP
1J4	Jeep SUV 1989–2011 (using Chrysler-style VIN structure)
1J6	JEEP
1J7	Jeep truck 1989–1992 (using Chrysler-style VIN structure)
1J8	Jeep SUV 2002–2011 (using Chrysler-style VIN structure)
1JC	Jeep SUV 1981–1988 (using AMC-style VIN structure)
1JD	AMC
1JE	JEEP
1JF	JEEP
1JH	JEEP
1JM	JEEP
1JT	Jeep truck 1981–1988 (using AMC-style VIN structure)
1JU	Marmon Motor Company
1L	Lincoln
1L1	Lincoln car – limousine
1L9	Laforza	234
1LJ	Lincoln incomplete vehicle
1LN	Lincoln car
1LV	John Deere equipment designed in Augusta, Georgia
1M	MERCURY
1M0	John Deere Gator
1M1	Mack Trucks
1M2	Mack Trucks
1M3	MACK TRUCK USA
1M4	MACK TRUCK USA
1M8	Motor Coach Industries
1M9	Mosler Automotive	682
1MB	Mercedes-Benz Truck Co.
1ME	Mercury car
1MR	Continental Mark VI & VII 1981–1985 & Continental sedan 1982–1985
1N	NISSAN
1N4	Nissan car
1N6	Nissan truck
1N9	Neoplan USA	013
1NK	Kenworth incomplete vehicle
1NP	Peterbilt incomplete vehicle
1NX	Toyota car made by NUMMI
1P3	Plymouth car
1P4	Plymouth MPV/SUV
1P7	PLYMOUTH
1P9	Panoz	213
1PY	John Deere equipment designed or manufactured in Pune, India
1R9	ROADRUNNER HAY SQUEEZE USA
1RF	ROADMASTER
1S9	Scania AB Scania CN112 bus made in Orange, CT	098
1T7	Thomas Built Buses
1T8	Thomas Built Buses
1T9	Tomcar USA	899
1TU	Transportation Manufacturing Corporation
1UT	Jeep DJ made by AM General
1V1	Volkswagen truck
1V2	Volkswagen SUV
1V9	Vector Aeromotive	048
1VH	Orion Bus Industries
1VR	Vermeer Corporation
1VW	Volkswagen car
1WA	AUTOSTAR
1WB	AUTOSTAR
1WU	White truck
1WV	Winnebago Industries
1WW	Winnebago Industries
1WX	White incomplete vehicle
1WY	White incomplete vehicle
1XK	Kenworth truck
1XM	Renault Alliance/GTA/Encore 1984–1987
1XP	Peterbilt truck
1Y1	Chevrolet/Geo car made by NUMMI
1YJ	Rokon International, Inc.
1YV	Mazda
1Z3	Mitsubishi Raider
1Z5	MITSUBISHI
1Z7	Mitsubishi Raider
1Z9	Oshkosh Specialty Vehicles LLC	332
1ZV	Ford made by AutoAlliance International
1ZW	Mercury made by AutoAlliance International
2A3	Imperial
2A4	Chrysler brand MPV/SUV 2006–2011 only
2A8	Chrysler brand MPV/SUV 2006–2011 only
2AY	Hino
2AZ	Hino
2B1	Orion Bus Industries
2B3	Dodge car 1981–2011
2B4	Dodge MPV 1981–2002
2B5	Dodge "bus" (van with more than 3 rows of seats) 1981–2002
2B6	Dodge incomplete vehicle 1981–2002
2B7	Dodge truck 1981–2002
2B8	DODGE
2BC	Jeep Wrangler (YJ) 1987–1988 (using AMC-style VIN structure)
2BD	JEEP
2BP	Ski-Doo
2BT	JEEP
2BV	Can-Am & Bombardier ATV
2BW	Can-Am Commander E LSV
2BX	Can-Am Spyder
2BZ	Can-Am Freedom Trailer for Can-Am Spyder
2C1	Geo/Chevrolet car made by CAMI Automotive
2C3	Chrysler brand car 1981–2011
2C4	Chrysler brand MPV/SUV 2000–2005
2C7	Pontiac car made by CAMI Automotive only sold by GM Canada
2C8	Chrysler brand MPV/SUV 2001–2005
2C9	Campagna Motors	145
2CC	American Motors Corporation MPV
2CG	Asüna/Pontiac SUV made by CAMI Automotive only sold by GM Canada
2CH	CHEVROLET
2CK	GMC Tracker SUV made by CAMI Automotive only sold by GM Canada 1990–1991 only
2CM	American Motors Corporation car
2CN	Geo/Chevrolet SUV made by CAMI Automotive 1990–2011 only
2CT	GMC Terrain SUV made by CAMI Automotive 2010–2011 only
2D3	DODGE CANADA
2D4	Dodge MPV 2003–2011 only
2D6	Dodge incomplete vehicle 2003
2D7	Dodge truck 2003
2D8	Dodge MPV 2003–2011 only
2DG	Ontario Drive & Gear
2E3	Eagle car 1989–1997 (using Chrysler-style VIN structure)
2E4	Lancia MPV
2F	Ford
2FA	Ford car
2FB	FORD MOTOR COMPANY CANADA
2FC	FORD MOTOR COMPANY CANADA
2FD	FORD
2FF	FORD
2FM	Ford MPV/SUV
2FT	Ford truck
2FU	Freightliner Trucks
2FV	Freightliner Trucks
2FW	Sterling Trucks truck
2FY	New Flyer
2FZ	Sterling Trucks incomplete vehicle
2G	GENERAL MOTORS CANADA
2G0	GMC "bus" (van with more than 3 rows of seats) 1981–1986
2G1	Chevrolet
2G2	Pontiac
2G3	Oldsmobile car
2G4	Buick
2G5	GMC MPV 1981–1986; BrightDrop Zevo delivery van
2G6	Cadillac
2G7	Pontiac car only sold by GM Canada
2G8	Chevrolet MPV 1981–1986
2G9	Gnome Homes
2GA	Chevrolet "bus" (van with more than 3 rows of seats)
2GB	Chevrolet incomplete vehicles
2GC	Chevrolet truck
2GD	GMC incomplete vehicles
2GE	Cadillac incomplete vehicle
2GH	GMC GM New Look bus & GM Classic series bus
2GJ	GMC "bus" (van with more than 3 rows of seats) 1987–
2GK	GMC MPV/SUV 1987–
2GM	PONTIAC
2GN	Chevrolet MPV/SUV 1987-
2GT	GMC truck
2GY	CADILLAC
2Gx	General Motors
2HG	Honda car made by Honda of Canada Manufacturing
2HH	Acura car made by Honda of Canada Manufacturing
2HJ	Honda truck made by Honda of Canada Manufacturing
2HK	Honda MPV/SUV made by Honda of Canada Manufacturing
2HM	Hyundai
2HN	Acura SUV made by Honda of Canada Manufacturing
2HS	International Trucks truck
2HT	International Trucks incomplete vehicle
2J4	Jeep Wrangler (YJ) 1989–1992 (using Chrysler-style VIN structure)
2J6	JEEP
2J7	JEEP
2L1	Lincoln incomplete vehicle – limo
2L9	Les Contenants Durabac
2LJ	Lincoln incomplete vehicle – hearse
2LM	Lincoln SUV
2LN	Lincoln car
2M	MERCURY
2M1	Mack Trucks
2M2	Mack Trucks
2ME	Mercury car
2MG	Motor Coach Industries (Produced from Sept. 1, 2008 on)
2MH	MERCURY
2MR	Mercury MPV
2NK	Kenworth incomplete vehicle
2NP	Peterbilt incomplete vehicle
2NV	Nova Bus
2P3	Plymouth car
2P4	Plymouth MPV 1981–2000
2P5	Plymouth "bus" (van with more than 3 rows of seats) 1981–1983
2P9	Prevost 1981–1995	001
2PC	Prevost 1996-
2S2	Suzuki car made by CAMI Automotive
2S3	Suzuki SUV made by CAMI Automotive
2S4	SUZUKI
2T	TOYOTA
2T1	Toyota car
2T2	Lexus SUV
2T3	Toyota SUV
2TP	Triple E LTD
2V4	Volkswagen Routan
2V8	Volkswagen Routan
2WK	Western Star Trucks truck
2WL	Western Star Trucks incomplete vehicle
2WM	Western Star Trucks incomplete vehicle
2XK	Kenworth truck
2XM	Eagle Premier 1988 only (using AMC-style VIN structure)
2XP	Peterbilt truck
363	Spyker
3A4	Chrysler brand MPV 2006–2010 only
3A8	Chrysler brand MPV 2006–2010 only
3AB	DINA
3AK	Freightliner Trucks
3AL	Freightliner Trucks
3AV	BMW Mexico 1999-2009
3B3	Dodge car 1981–2011
3B4	Dodge SUV 1986–1993
3B6	Dodge incomplete vehicle 1981–2002
3B7	Dodge truck 1981–2002
3BJ	Western Star 3700 truck made by DINA S.A.
3BK	Kenworth incomplete vehicle
3BM	Motor Coach Industries bus made by DINA S.A.
3BP	Peterbilt incomplete vehicle
3C3	Chrysler brand car 1981–2011
3C4	Chrysler brand MPV 2001–2005
3C6	Chrysler Group (all brands) truck 2012–
3C7	Chrysler Group (all brands) incomplete vehicle 2012–
3C8	Chrysler brand MPV 2001–2005
3CA	CHRYSLER
3CE	Volvo Buses de Mexico
3CZ	Honda SUV
3D2	Dodge incomplete vehicle 2007–2009
3D3	Dodge truck 2006–2009
3D4	Dodge SUV 2009–2011
3D5	DODGE
3D6	Dodge incomplete vehicle 2003–2011
3D7	Dodge truck 2002–2011
3E4	Fiat SUV
3F	Ford
3F6	Sterling Bullet
3FA	Ford car
3FB	FORD
3FC	Ford stripped chassis made by Ford & IMMSA
3FD	FORD
3FE	FORD MOTOR COMPANY MEXICO
3FF	FORD
3FM	Ford MPV/SUV
3FN	Ford F-650/F-750 made by Blue Diamond Truck Co.
3FR	Ford F-650/F-750 made by Blue Diamond Truck Co.
3FT	Ford truck
3G	General Motors
3G0	Saab 9-4X 2011
3G1	Chevrolet car
3G2	Pontiac car
3G4	Buick car
3G5	Buick SUV
3G7	Pontiac SUV
3G8	CHEVROLET
3GA	CHEVROLET
3GB	CHEVROLET
3GC	Chevrolet truck
3GD	GMC
3GE	CHEVROLET
3GG	CADILLAC
3GK	GMC SUV
3GM	Holden Suburban
3GN	Chevrolet SUV
3GS	Saturn SUV
3GT	GMC truck
3GY	Cadillac SUV
3H	HONDA MEXICO
3H1	Honda motorcycle/UTV
3H3	Hyundai de Mexico, S.A. de C.V. for Hyundai Translead (truck trailers)
3HA	International Trucks incomplete vehicle
3HC	International Trucks truck
3HG	Honda car
3HM	HONDA
3HS	International Trucks & Caterpillar Trucks truck
3HT	International Trucks & Caterpillar Trucks incomplete vehicle
3JB	Can-Am ATV/UTV & Can-Am Ryker
3KP	Kia/Hyundai car
3LN	Lincoln car
3MA	MERCURY
3MD	Mazda car
3ME	Mercury car
3MV	Mazda SUV
3MW	BMW
3MY	Toyota car made by Mazda de Mexico Vehicle Operation
3MZ	Mazda car
3N	NISSAN
3N1	Nissan car
3N6	Nissan truck & Chevrolet City Express
3N8	Nissan MPV
3NE	Polaris Inc. ATV
3NK	KENWORTH
3NM	PETERBILT
3NS	Polaris Inc. UTV
3P3	Plymouth car
3PC	Infiniti SUV made by COMPAS
3TM	Toyota truck made by TMMBC
3TY	Toyota truck made by TMMGT
3VV	Volkswagen SUV
3VW	Volkswagen car
3WK	Kenworth truck
3WP	Peterbilt truck
43C	Consulier
45V	UTILIMASTER
46G	Gillig incomplete vehicle
478	Honda ATV
480	Sterling Trucks truck
49H	Sterling Trucks incomplete vehicle
4A3	Mitsubishi Motors car
4A4	Mitsubishi Motors SUV
4B3	Dodge car made by Diamond-Star Motors factory
4B9	BYD Coach & Bus LLC	038
4C3	Chrysler car made by Diamond-Star Motors factory
4C9	Czinger	561
4CD	Oshkosh Chassis Division incomplete vehicle (RV chassis)
4DR	IC Bus
4E3	Eagle car made by Diamond-Star Motors factory
4F	MAZDA
4F2	Mazda SUV made by Ford
4F4	Mazda truck made by Ford
4G1	Chevrolet Cavalier convertible made by Genasys L.C. – a GM/ASC joint venture
4G2	Pontiac Sunfire convertible made by Genasys L.C. – a GM/ASC joint venture
4G3	Toyota Cavalier made by GM
4G5	General Motors EV1
4GB	CHEVROLET
4GD	WhiteGMC Brigadier 1988–1989 made by GM
4GL	Buick incomplete vehicle
4GT	Isuzu incomplete vehicle built by GM
4J	MERCEDES-BENZ
4J4	JEEP
4JG	Mercedes-Benz SUV
4KB	Chevrolet W-Series incomplete vehicle (gas engine only)
4KD	GMC W-Series incomplete vehicle (gas engine only)
4KL	Isuzu commercial truck built by GM
4M	MERCURY
4M2	Mercury MPV/SUV
4ML	Oshkosh Trailer Division
4MZ	Buell Motorcycle Company
4N1	NISSAN
4N2	Nissan Quest made by Ford
4NU	Isuzu Ascender made by GM
4P1	Pierce Manufacturing
4P3	Plymouth car made by Diamond-Star Motors factory 1990–1994
4RK	Nova Bus & Prevost made by Nova Bus (US) Inc.
4S	SUBARU-ISUZU AUTOMOTIVE
4S1	Isuzu truck made by Subaru Isuzu Automotive
4S2	Isuzu SUV made by Subaru Isuzu Automotive
4S3	Subaru car
4S4	Subaru SUV/MPV
4S6	Honda SUV made by Subaru Isuzu Automotive
4S7	Spartan Motors incomplete vehicle
4S9	Smith Electric Vehicles US Corp.	197
4SL	MAGNUM
4T	TOYOTA
4T1	Toyota car made by Toyota Motor Manufacturing Kentucky
4T3	Toyota MPV/SUV made by Toyota Motor Manufacturing Kentucky
4T4	Toyota car made by Subaru of Indiana Automotive
4T9	Xos, Inc.	208
4TA	Toyota truck made by NUMMI
4UF	Arctic Cat
4US	BMW car
4UZ	Freightliner Custom Chassis Corporation & gas-powered Mitsubishi Fuso trucks assembled by Freightliner Custom Chassis & Thomas Built Buses FS-65 & Saf-T-Liner C2
4V1	WhiteGMC truck
4V2	WhiteGMC incomplete vehicle
4V3	VOLVO
4V4	Volvo Trucks North America truck
4V5	Volvo Trucks North America incomplete vehicle
4V6	VOLVO
4VA	Volvo Trucks North America truck
4VE	Volvo Trucks North America incomplete vehicle
4VG	Volvo Trucks North America truck
4VH	Volvo Trucks North America incomplete vehicle
4VJ	VOLVO
4VK	VOLVO
4VL	VOLVO
4VM	Volvo Trucks North America incomplete vehicle
4VZ	Spartan Motors/The Shyft Group incomplete vehicle – bare chassis only
4XA	Polaris Inc.
4YM	Carry-On Trailer, Inc.
4Z3	American LaFrance truck
50E	Lucid Motors
50G	Karma Automotive
516	Autocar truck
51R	Brammo Motorcycles
523	VPG
52C	GEM subsidiary of Polaris Inc.
538	Zero Motorcycles
53G	Coda Automotive
53T	Think North America in Elkhart, IN
546	EBR
54C	Winnebago Industries trailer
54D	Isuzu & Chevrolet commercial trucks built by Spartan Motors/The Shyft Group
55	MERCEDES-BENZ
55S	Mercedes-Benz car
56K	Indian Motorcycle International, LLC Polaris subsidiary
57W	Mobility Ventures
57X	Polaris Slingshot
58A	Lexus car made by TMMK
5AS	GEM
5B4	Workhorse Custom Chassis, LLC incomplete vehicle (RV chassis)
5BZ	Nissan "bus" (van with more than 3 rows of seats)
5CD	Indian Motorcycle Company of America Gilroy, CA
5CK	WESTERN STAR TRUCKS
5CX	Shelby Series 1
5DF	Thomas Dennis Company LLC
5EH	Excelsior-Henderson Motorcycle
5F	HONDA USA-ALABAMA
5FN	Honda MPV/SUV made by Honda Manufacturing of Alabama
5FP	Honda truck made by Honda Manufacturing of Alabama
5FR	Acura SUV made by Honda Manufacturing of Alabama
5FY	New Flyer
5G8	Holden Volt
5GA	Buick MPV/SUV
5GD	Daewoo G2X
5GN	Hummer H3T
5GR	Hummer H2
5GT	Hummer H3
5GZ	Saturn MPV/SUV
5HD	Harley-Davidson for export markets
5J	Honda Ohio
5J6	Honda SUV made by Honda of America Mfg. in Ohio
5J8	Acura SUV made by Honda of America Mfg. in Ohio
5KB	Honda car made by Honda Manufacturing of Alabama
5KJ	Western Star Trucks truck
5KK	Western Star Trucks truck
5L	LINCOLN
5L1	Lincoln SUV (2004–2009)
5LD	Ford & Lincoln incomplete vehicle – limousine (2010–2014)
5LM	Lincoln SUV
5LT	Lincoln truck
5MZ	Buell Motorcycle Company for export markets
5N1	Nissan & Infiniti SUV
5N3	Infiniti SUV
5NM	Hyundai SUV
5NP	Hyundai car
5NT	Hyundai truck
5PV	Hino incomplete vehicle
5S3	Saab 9-7X
5SA	Suzuki ATV
5SX	American LaFrance incomplete vehicle (Condor)
5T	TOYOTA
5T4	WORKHORSE
5TB	Toyota truck made by TMMI
5TD	Toyota MPV/SUV made by TMMI
5TE	Toyota truck made by NUMMI
5TF	Toyota truck made by TMMTX
5U	BMW
5UM	BMW M car
5UX	BMW SUV
5VC	Autocar incomplete vehicle
5VP	Victory Motorcycles
5WE	IC Bus incomplete vehicle
5X	HYUNDAI/KIA
5XX	Kia car
5XY	Kia/Hyundai SUV
5Y2	Pontiac Vibe made by NUMMI
5Y4	Yamaha Motor Company ATV, UTV
5YA	Indian Motorcycle Company Kings Mountain, NC
5YF	Toyota car made by TMMMS
5YJ	Tesla
5YM	BMW M SUV
5Z6	Suzuki truck made by Nissan
6AB	MAN AUSTRALIA
6F	FORD
6F1	Ford
6F2	Iveco Trucks Australia Ltd.
6F4	Nissan Motor Australia
6F5	Kenworth Australia
6FM	Mack Trucks Australia
6FP	Ford
6G	General Motors
6G1	Holden & Chevrolet
6G2	Pontiac
6G3	Chevrolet
6H	Holden
6H8	GENERAL MOTORS-HOLDEN (PRE NOV 2002)
6MM	Mitsubishi
6MP	Mercury Capri
6T1	Toyota
6T9	Trailer
6U9	Low Volume (Grey) Import Vehicles which don't have 17 Digit VIN. Uses NON ISO VIN with "Filler 0's between WMI & Non Iso VIN – I.e Japanese VIN PV35-400637 would become 6U90000PV35400637 see note below
6ZZ	Low Volume (Grey) Import Vehicles which don't have 17 Digit VIN. Uses NON ISO VIN with "Filler 0's between WMI & Non Iso VIN – I.e Japanese VIN PV35-400637 would become 6ZZ0000PV35400637 see note below
795	Bugatti
7A1	Mitsubishi
7A3	Honda
7A4	Toyota
7A5	Ford
7A7	Nissan New Zealand
7A8	NZ Transport Agency (pre-2009)
7AT	NZ Transport Agency (post–2009)
7FA	Honda SUV made by Honda Manufacturing of Indiana
7FC	Rivian truck
7G2	Tesla Cybertruck & Tesla Semi
7GZ	GMC incomplete vehicles made by Navistar International
7H4	Hino truck
7JR	Volvo Cars car
7JZ	Proterra From mid-2019 on
7KG	Vanderhall Motor Works
7MM	Mazda SUV made by MTMUS (Mazda-Toyota Joint Venture)
7MU	Toyota SUV made by MTMUS (Mazda-Toyota Joint Venture)
7NA	Navistar Defense
7NY	Lordstown Motors
7PD	Rivian SUV
7R4	Icon Electric Vehicles
7RZ	Electric Last Mile Solutions
7SA	Tesla SUV 2022+
7SU	Blue Arc electric trucks made by The Shyft Group
7SV	Toyota SUV made by TMMTX
7SX	Global Electric Motorcars
7Z0	Zoox
829	Quantum Motors
8A1	Renault Argentina
8A3	Scania Argentina
8AC	Mercedes-Benz vans (for South America)
8AD	Peugeot
8AE	Peugeot van
8AF	Ford Motor Argentina
8AG	General Motors de Argentina Chevrolet
8AJ	Toyota Argentina
8AK	SUZUKI ARGENTINA
8AN	Nissan
8AP	Fiat
8AT	Iveco
8AW	Volkswagen Argentina
8BB	Agrale Argentina S.A
8BC	Citroën
8BN	Mercedes-Benz incomplete vehicle (North America)
8BR	Mercedes-Benz "bus" (van with more than 3 rows of seats) (North America)
8BT	Mercedes-Benz MPV (van with 2 or 3 rows of seats) (North America)
8BU	Mercedes-Benz truck (cargo van with 1 row of seats) (North America)
8C3	Honda car/SUV
8CH	Honda motorcycle
8F9	Reborn Electric Motors SPA
8G1	Automotores Franco Chilena S.A Renault
8GD	Automotores Franco Chilena S.A Peugeot
8GG	General Motors Chile Ltda.
8L4	Great Wall Motors made by Ciudad del Auto Ciauto Cia. Ltda.
8LB	General Motors OBB
8LF	Maresa (Mazda)
8LG	Aymesa (Hyundai Motor & Kia)
8XD	Ford Motor Venezuela
8XJ	Mack de Venezuela C.A.
8XV	Iveco Venezuela C.A.
8Z1	General Motors Venezolana C.A.
932	Harley-Davidson
935	Citroën
936	Peugeot
937	Dodge
93C	General Motors do Brasil Chevrolet SUV (Mexico)
93H	Honda car/SUV
93K	Volvo Trucks
93P	Volare
93R	TOYOTA BRAZIL
93S	Navistar International
93U	Audi 1999–2006
93V	Navistar International
93W	Fiat Ducato made by Iveco 2000–2016
93X	Souza Ramos – Mitsubishi Motors / Suzuki Jimny
93Y	Renault do Brasil
93Z	Iveco
94D	Nissan
94G	Indabra
94M	HVR-Busscar
94N	RWM Brazil
94T	Troller Veículos Especiais
953	VW Truck & Bus / MAN Truck & Bus
95P	CAOA / Hyundai & CAOA Chery
95V	Dafra Motos (motorscooters from SYM) & Ducati, KTM, & MV Agusta assembled by Dafra
95Z	Buell Motorcycle Company assembled by Harley-Davidson Brazil
96P	Kawasaki
97N	Triumph Motorcycles Ltd
988	Jeep and Fiat (made at the Goiana plant)
98M	BMW car/SUV
98R	Chery
99A	Audi 2016-
99J	Jaguar Land Rover
99K	Haojue & Kymco assembled by JTZ Indústria e Comércio de Motos
99L	BYD
99Z	BMW Motorrad Motorcycle assembled by BMW 2017-
9AM	Massari
9BD	Fiat Automóveis
9BF	Ford Brasil
9BG	General Motors do Brasil Chevrolet
9BH	Hyundai Motor Brasil
9BM	Mercedes-Benz car & SUV & commercial truck
9BN	Mafersa
9BR	Toyota
9BS	Scania Brazil
9BV	Volvo Trucks
9BW	Volkswagen do Brasil
9BY	Agrale S.A.
9C2	Honda Motorcycles
9C6	Yamaha Motor
9CD	Suzuki (motorcycles) assembled by J. Toledo Motos do Brasil
9DB	MERCEDES-BENZ
9DW	Kenworth & Peterbilt trucks made by Volkswagen do Brasil
9FB	Sofasa (Renault)
9FC	Compañía Colombiana Automotriz S.A. (Mazda)
9GA	GM Colmotores S.A. (Chevrolet)
9UJ	Chery assembled by Chery Socma S.A.
9UK	Lifan
9UW	Kia made by Nordex S.A.
9V7	Citroen made by Nordex S.A.
9V8	Peugeot made by Nordex S.A.
AAA	Audi South Africa made by Volkswagen of South Africa
AAK	FAW Vehicle Manufacturers SA (PTY) Ltd.
AAM	MAN Automotive (South Africa) (Pty) Ltd. includes VW Truck & Bus
AAV	Volkswagen of South Africa
ABJ	Mitsubishi Colt & Triton pickups made by Mercedes-Benz South Africa 1994–2011
ABM	BMW Southern Africa
AC5	Hyundai Automotive South Africa (cars)
ACV	Isuzu Motors South Africa 2018-
ADD	UD Trucks Southern Africa (Pty) Ltd
ADM	General Motors South Africa includes Isuzu through 2018
ADN	Nissan South Africa (Pty) Ltd
ADR	Renault Sandero made by Nissan South Africa (Pty) Ltd
ADX	Tata Automobile Corporation (SA) Ltd.
AFA	Ford Motor Company of Southern Africa & Samcor
AFB	Mazda BT-50 made by Ford Motor Company of Southern Africa
AHH	Hino South Africa
AHM	Honda Ballade made by Mercedes-Benz South Africa 1982–2000
AHT	Toyota South Africa Motors
BAB	BMW cars 1986-2019
BF9	KIBO Motorcycles
CL9	Tunisia Wallyscar
DA1	Arab American Vehicles
DA4	Arab American Vehicles
DAA	Fiat Auto Egypt Industrial Co
DAB	BMW Egypt SKD
DF9	Laraki
GA1	Renault /SOMACOA - Société Malgache de Construction Automobile
J81	Chevrolet/Geo car made by Isuzu
J87	Pontiac/Asüna car made by Isuzu for GM Canada
J8B	Chevrolet commercial trucks made by Isuzu
J8C	Chevrolet commercial trucks made by Isuzu
J8D	GMC commercial trucks made by Isuzu
J8T	GMC commercial trucks made by Isuzu
J8Y	CHEVROLET
J8Z	Chevrolet pickup truck made by Isuzu
JA	ISUZU
JA3	Mitsubishi car
JA4	Mitsubishi MPV/SUV
JA7	Mitsubishi truck
JAA	Isuzu truck
JAB	Isuzu car
JAC	Isuzu SUV
JAE	Acura SLX made by Isuzu
JAL	Isuzu commercial trucks & Chevrolet commercial trucks made by Isuzu 2016+ & Hino S-series truck made by Isuzu
JAM	Isuzu commercial trucks
JB3	Dodge car made by Mitsubishi Motors
JB4	Dodge MPV/SUV made by Mitsubishi Motors
JB7	Dodge truck made by Mitsubishi Motors
JC0	Ford brand cars made by Mazda
JC1	Fiat 124 Spider made by Mazda
JC2	Ford Courier made by Mazda
JD	DAIHATSU
JD1	Daihatsu car
JD2	Daihatsu SUV
JD4	Daihatsu truck
JDA	Daihatsu
JE3	Eagle car made by Mitsubishi Motors
JE4	Mitsubishi
JF	FUJI HEAVY INDUSTRIES (SUBARU)
JF1	Subaru – Fuji Heavy Industries car
JF1-JF3	SUBARU - FUJI HEAVY INDUSTRIES
JF2	Subaru – Fuji Heavy Industries SUV
JF3	Subaru – Fuji Heavy Industries truck
JF4	Saab 9-2X made by Subaru
JF5	PONTIAC
JG1	Chevrolet/Geo car made by Suzuki
JG7	Pontiac/Asuna car made by Suzuki for GM Canada
JGC	Chevrolet/Geo SUV made by Suzuki
JGT	GMC SUV made by Suzuki for GM Canada
JH	HONDA
JH2	Honda motorcycle/ATV
JH3	Honda ATV
JH4	Acura car
JHA	Hino
JHB	Hino
JHD	Hino
JHF	Hino
JHH	Hino
JHK	HONDA
JHL	Honda MPV/SUV
JHM	Honda car
JJ3	Chrysler car made by Mitsubishi Motors
JK	KAWASAKI (MOTORCYCLES)
JK8	Suzuki QUV620F UTV made by Kawasaki
JKA	Kawasaki
JKB	Kawasaki
JKS	Suzuki Marauder 1600/Boulevard M95 motorcycle made by Kawasaki
JL5	Mitsubishi FUSO Truck & Bus Corp
JL6	Mitsubishi FUSO Truck & Bus Corp
JLF	Mitsubishi FUSO Truck & Bus Corp
JLS	Sterling Trucks 360 made by Mitsubishi FUSO Truck & Bus Corp
JM0	Mazda for Oceania export
JM1	Mazda car
JM2	Mazda truck
JM3	Mazda MPV/SUV
JM6	Mazda
JM7	Mazda
JMA	Mitsubishi
JMB	Mitsubishi
JMF	Mitsubishi
JMY	Mitsubishi
JMZ	Mazda for Europe export
JN	Nissan
JN1	Nissan car & Infiniti car
JN3	Nissan incomplete vehicle
JN4	NISSAN
JN6	Nissan truck
JN8	Nissan MPV/SUV & Infiniti SUV
JNA	Nissan Diesel/UD Trucks incomplete vehicle
JNC	Nissan Diesel/UD Trucks
JNE	Nissan Diesel/UD Trucks truck
JNK	Infiniti car
JNR	Infiniti SUV
JNX	Infiniti incomplete vehicle
JP3	Plymouth car made by Mitsubishi Motors
JP4	Plymouth MPV/SUV made by Mitsubishi Motors
JP7	Plymouth truck made by Mitsubishi Motors
JPC	Nissan Diesel/UD Trucks
JR2	Isuzu Oasis made by Honda
JR2X	ISUZU
JS	Suzuki
JS1	Suzuki motorcycle & Kawasaki KLX400S/KLX400SR motorcycle made by Suzuki
JS2	Suzuki car
JS3	Suzuki SUV
JS4	SUZUKI
JSA	Kawasaki KFX400 ATV made by Suzuki
JSK	Kawasaki KLX125/KLX125L motorcycle made by Suzuki
JSL	Kawasaki KFX400 ATV made by Suzuki
JT	Toyota
JT2	Toyota car
JT3	Toyota MPV/SUV
JT4	Toyota truck
JT5	Toyota incomplete vehicle
JT6	Lexus SUV
JT8	Lexus car
JTD	Toyota car
JTE	Toyota MPV/SUV
JTF	Toyota van/truck
JTG	Toyota MPV/bus
JTH	Lexus car
JTJ	Lexus SUV
JTK	Toyota car
JTL	Toyota SUV
JTM	Toyota SUV
JTN	Toyota car
JW6	Mitsubishi FUSO division of Mitsubishi Motors (through mid 2003)
JW7	MITSUBISHI
JY	Yamaha Motor
JY3	Yamaha Motor 3-wheel ATV
JY4	Yamaha Motor 4-wheel ATV
JYA	Yamaha Motor motorcycles
JYE	Yamaha Motor snowmobile
KA1	KEWR Technologies
KAA	RS Automotive
KAL	Lanka Ashok Leyland
KF3	Merkavim
KF6	Automotive Industries, Ltd.
KF9	Tomcar	004
KL	DAEWOO/GM KOREA
KL1	GM Daewoo/GM Korea Chevrolet car
KL2	Daewoo/GM Daewoo Pontiac
KL3	GM Daewoo/GM Korea Holden
KL4	GM Korea Buick
KL5	GM Daewoo Suzuki
KL6	GM Daewoo GMC
KL7	Daewoo GM Canada brands: Passport, Asuna (Pre-2000)
KL8	GM Daewoo/GM Korea Chevrolet car (Spark)
KLA	Daewoo/GM Korea
KLT	Tata Daewoo
KLU	Tata Daewoo
KM	HYUNDAI
KM1	HYOSUNG (MOTORCYCLES)
KM4	Hyosung Motors/S&T Motors/KR Motors
KM8	Hyundai SUV
KMA	Asia Motors
KME	Hyundai commercial truck
KMF	Hyundai van & commercial truck & Bering Truck
KMH	Hyundai car
KMJ	Hyundai bus & minibus
KMT	Genesis Motor car
KMU	Genesis Motor SUV
KMY	Daelim Motor Company, Ltd/DNA Motors Co., Ltd.
KN	KIA
KNA	Kia car
KNB	KIA
KNC	Kia car
KND	Kia SUV/MPV & Hyundai Entourage
KNE	Kia car
KNJ	Ford Festiva & Aspire
KNM	Renault Samsung Motors & Nissan Rogue made by Renault Samsung Motors
KPA	SsangYong pickup
KPB	SsangYong car
KPH	Mitsubishi Precis
KPT	SsangYong SUV/MPV
L1C	Hubei Huawei Special-Purpose Automobile
L2C	Chery Jaguar Land Rover
L4B	XINGYUE GROUP (MOTORCYCLES)
L56	RENAULT SAMSUNG
L5C	KANGDI (ATV)
L5K	ZHEJIANG YONGKANG EASY VEHICLE
L5N	ZHEJIANG TAOTAO
L5Y	Znen Taizhou Zhongneng Motorcycle Co. Ltd.
L6T	Geely
L85	ZHEJIANG YONGKANG HUABAO ELECTRIC APPLIANCE
L8A	Jinhua Youngman Automobile Manufacturing Co., Ltd.
L8X	ZHEJIANG SUMMIT HUAWIN MOTORCYCLE
L8Y	Zhejiang Jonway Motorcycle Manufacturing Co., Ltd.
L9N	Zhejiang Taotao Vehicles Co., Ltd.
LA6	King Long
LA9	BYD Auto	LC0
LAE	Jinan Qingqi Motorcycle
LAL	Sundiro Honda Motorcycle Co., Ltd.
LAN	CHANGZHOU YAMASAKI MOTORCYCLE
LB1	Fujian Benz
LB2	Geely motorcycle
LB3	Geely
LBB	Qianjiang Motorcycle & Benelli
LBE	Beijing Hyundai
LBM	ZONGSHEN PIAGGIO
LBP	Chongqing Jianshe Yamaha Motor Co. Ltd.
LBV	BMW Brilliance
LC0	BYD Auto Industry Co. Ltd.
LC2	Changzhou Kwang Yang Motor Co., Ltd.
LC6	Changzhou Haojue Suzuki Motorcycle Co. Ltd.
LCE	CF Moto by Chunfeng Holding Group Hangzhou Motorcycles Manufacturing Co., Ltd.
LCR	Gonow
LDC	Dongfeng Peugeot-Citroën
LDD	DANDONG HUANGHAI AUTOMOBILE
LDK	FAW Bus (Dalian) Co., Ltd.
LDN	Soueast
LDY	Zhongtong Bus
LE4	Beijing Benz & Beijing Benz-Daimler Chrysler Automotive Co., Ltd.
LEF	JMC
LES	ISUZU
LET	Jiangxi Isuzu
LF3	Lifan motorcycle
LFA	Ford Lio Ho Motor Co Ltd old designation
LFB	FAW Jilin
LFG	TAIZHOU CHUANL MOTORCYCLE MANUFACTURING
LFM	FAW Toyota
LFN	FAW Bus (Wuxi) Co., Ltd.
LFP	FAW Car
LFT	FAW
LFV	FAW-Volkswagen
LFW	FAW JIEFANG
LFY	CHANGSHU LIGHT MOTORCYCLE FACTORY
LGA	Dongfeng Commercial Vehicle Co., Ltd. trucks
LGB	Dongfeng Nissan
LGC	Dongfeng Commercial Vehicle Co., Ltd. buses
LGG	Dongfeng Liuzhou Motor
LGH	QOROS (FORMERLY DONG FENG (DFM))
LGJ	Dongfeng Fengshen (Aeolus)
LGL	Guilin Daewoo
LGW	Great Wall (Haval)
LGX	BYD Auto
LGZ	Guangzhou Denway Bus
LH1	FAW Haima
LHB	BEIJING AUTOMOTIVE INDUSTRY HOLDING
LHG	Guangzhou Honda
LJ1	JAC
LJ8	Zotye Auto
LJC	Jincheng Corporation
LJD	Dongfeng Yueda Kia
LJN	Zhengzhou Nissan
LJS	Yaxing Coach
LJU	Shanghai Maple Automobile & Kandi
LJV	Sinotruk Chengdu Wangpai Commercial Vehicle Co., Ltd.
LJX	JMC Ford
LKC	Changhe
LKG	Youngman Lotus Automobile Co., Ltd.
LKL	Higer Bus
LKT	Yunnan Lifan Junma Vehicle Co., Ltd. commercial vehicles
LL3	Xiamen Golden Dragon Bus Co. Ltd
LL6	GAC Mitsubishi
LL8	Jiangsu Linhai Yamaha Motor Co., Ltd.
LLC	Loncin Holdings
LLN	Qoros
LLV	Lifan
LM1	Tai Ling Motor Co Ltd old designation
LM4	Tai Ling Motor Co Ltd old designation
LM5	ISUZU
LM6	SWM (automobiles)
LMC	SUZUKI HONG KONG (MOTORCYCLES)
LMG	GAC Trumpchi
LN1	SUZUKI
LNB	BAIC Motor
LNP	NAC MG UK Limited & Nanjing Fiat Automobile
LNY	Yuejin
LPA	Changan PSA (DS Automobiles)
LPE	BYD Auto
LPR	Yamaha Motor Taiwan Co. Ltd. old designation
LPS	Polestar
LRB	SAIC General Motors Buick
LRD	Beijing Foton Daimler Automotive Co., Ltd. Auman trucks
LRE	SAIC General Motors Cadillac
LRW	Tesla
LS5	Changan Automobile & Changan Suzuki
LS7	JMC Heavy Duty Vehicle
LSF	SAIC Maxus & Shanghai Sunwin Bus Corporation
LSFA	SAIC MAXUS
LSG	SAIC General Motors Chevrolet
LSH	SAIC Maxus
LSJ	SAIC MG & SAIC Roewe
LSK	SAIC Maxus
LSV	SAIC Volkswagen
LSY	Brilliance & Jinbei GM
LTA	ZX Auto
LTN	Soueast built Chrysler & Dodge vehicles
LTV	FAW Toyota (Tianjin)
LUC	Honda Automobile (China)
LUD	Dongfeng Nissan Diesel Motor Co Ltd
LUX	Dongfeng Yulon Motor Co. Ltd
LVA	Foton Motor
LVB	Foton Motor
LVC	Foton Motor
LVF	Changhe Suzuki
LVG	GAC Toyota
LVH	Dongfeng Honda
LVM	Chery Commercial Vehicle
LVR	Changan Mazda
LVS	Changan Ford & Changan Ford Mazda
LVV	Chery
LVX	Landwind
LVY	Volvo Cars Daqing factory
LVZ	DFSK Motor
LWB	Wuyang Honda Motorcycle (Guangzhou) Co., Ltd.
LWL	Qingling Isuzu
LWV	GAC Fiat Chrysler
LXV	Beijing Borgward Automotive Co., Ltd.
LXY	Chongqing Shineray Motorcycle Co., Ltd.
LYB	Weichai (Yangzhou) Yaxing Automobile Co., Ltd.
LYM	Zhuzhou Jianshe Yamaha Motorcycle Co., Ltd.
LYV	Volvo Cars Chengdu factory & Luqiao factory
LZE	ISUZU GUANGZHOU
LZF	SAIC Iveco Hongyan
LZG	Shaanxi Automobile Group Shacman Bus
LZK	Sinotruk (CNHTC) Huanghe bus
LZM	MAN CHINA
LZP	ZHONGSHAN GUOCHI MOTORCYCLE (BAOTIAN)
LZS	Zongshen
LZU	Guangzhou Isuzu Bus
LZW	SAIC GM Wuling
LZY	Yutong
LZZ	Sinotruk (CNHTC) Howo, Sitrak
M3G	Isuzu Motors India
M6F	UM Lohia Two Wheelers Private Limited
MA1	Mahindra
MA3	Maruti Suzuki India Limited
MA6	General Motors India Pvt. Ltd.
MA7	Hindustan Motors Ltd & Mitsubishi Motors models made by Hindustan Motors & Isuzu models made by Hindustan Motors
MAB	MAHINDRA & MAHINDRA
MAC	MAHINDRA & MAHINDRA
MAH	Fiat India Automobiles Pvt. Ltd
MAJ	Ford India
MAK	Honda Cars India
MAL	Hyundai Motor India
MAN	Eicher Polaris Multix
MAT	Tata Motors
MB1	Ashok Leyland Ltd
MB8	Suzuki Motorcycle India Limited
MBF	Royal Enfield
MBH	Nissan Pixo made by Maruti Suzuki India Limited
MBJ	Toyota Kirloskar Motor Pvt Ltd
MBK	MAN Trucks India Pvt. Ltd
MBL	Hero MotoCorp
MBR	MERCEDES-BENZ INDIA
MBU	Swaraj Vehicles Limited
MBV	Premier Automobiles Limited
MBX	Piaggio India Piaggio Ape
MBY	Asia Motor Works Ltd
MC1	Force Motors Limited
MC2	Eicher Motors Limited
MC4	Dilip Chhabria Design Pvt Ltd
MCA	FCA India Automobiles Pvt. Ltd
MCB	General Motors India Pvt. Ltd.
MCD	Mahindra Two Wheelers
MCG	Atul Auto
MCL	International Cars And Motors Ltd
MD2	Bajaj Auto Ltd & KTM and Husqvarna models built by Bajaj
MD6	TVS Motor Company
MD7	LML Ltd including Genuine Scooter Company Stella
MD9	Shuttle Cars
MDE	Kinetic Engineering Limited
MDH	Nissan Motor India Pvt Ltd
MDT	Kerala Automobiles Limited
ME1	India Yamaha Motor Pvt. Ltd
ME3	Royal Enfield
ME4	Honda Motorcycle and Scooter India
ME9	BUYMYEV TECHNOLOGY PVT LTD
MEC	Daimler India Commercial Vehicles Pvt. Ltd. BharatBenz
MEE	Renault India Private Limited
MEG	Harley-Davidson India
MER	Benelli
MET	Piaggio India Vespa
MEX	Škoda Auto Volkswagen India Pvt. Ltd. 2015 on
MH1	PT Astra Honda Motor
MH3	PT Yamaha Indonesia Motor Mfg.
MH4	PT Kawasaki Motor Indonesia
MHF	PT Toyota Astra Motor
MHH	BMW cars 2003-2019 India
MHK	PT Astra Daihatsu Motor including Toyotas made by Astra Daihatsu
MHL	PT Mercedes-Benz Indonesia
MHR	PT Honda Prospect Motor
MHY	PT Suzuki Indomobil Motor
MJB	GM Indonesia
MK2	Mitsubishi Motors Krama Yudha Indonesia
MK3	PT SGMW Motor Indonesia Wuling
ML0	Ducati Motor (Thailand) Co., Ltd.
ML3	Mitsubishi Motors (Thailand)
ML5	Kawasaki Motors Enterprise Co. Ltd. (Thailand)
MLC	Thai Suzuki Motor Co., Ltd.
MLE	Thai Yamaha Motor Co., Ltd.
MLH	Honda motorcycle
MLY	Harley-Davidson
MM0	Mazda (Ford-Mazda AAT plant)
MM6	Mazda (Ford-Mazda AAT plant)
MM7	Mazda (Ford-Mazda AAT plant)
MM8	Mazda (Ford-Mazda AAT plant)
MMA	Mitsubishi Motors (Thailand)
MMB	Mitsubishi Motors (Thailand)
MMC	Mitsubishi Motors (Thailand)
MMD	Mitsubishi Motors (Thailand)
MMF	BMW
MMH	Tata
MMK	Toyota (Toyota Auto Works plant)
MML	MG
MMM	Chevrolet
MMR	Subaru
MMS	Suzuki
MMT	Mitsubishi Motors (Thailand)
MMU	Holden
MNA	Ford (Ford-Mazda AAT plant) for Australia/New Zealand export
MNB	Ford (Ford-Mazda AAT plant) for other right-hand drive markets
MNC	Ford (Ford-Mazda AAT plant) for left-hand drive markets
MNK	Hino Motors Manufacturing Thailand Co Ltd
MNT	Nissan Motor Thailand
MP1	IMCT Isuzu Motors Company Thailand
MP2	Mazda BT-50 pickup built by Isuzu Motors (Thailand) Co., Ltd.
MP5	Foton
MPA	IMCT Isuzu Motors Company Thailand
MPB	Ford (FTM plant)
MR0	Toyota (Ban Pho and Samrong plant)
MR1	Toyota (Samrong plant) (Fortuner)
MR2	Toyota (Gateway plant)
MRH	Honda car
MS0	SSS MOTORS Myanmar/Kia
MS3	Suzuki Myanmar Motor Co., Ltd.
MX3	Hyundai Trans Auto
MXV	IMZ-Ural Ural Motorcycles
MYH	Ather Energy
MZ7	MG Motor India Pvt. Ltd.
MZB	Kia India Pvt. Ltd.
MZD	Classic Legends Private Limited – Jawa
N3C	Kavir motor Company (Yektaz)
N58	Kavir motor Company (EURASIA)
NAA	Iran khodro Company
NAD	Saipa Diesel
NAG	Bahman Industrial Group
NAP	Pars Khodro
NAS	Saipa Co.
NC0	BMW South Africa
NFB	Honda Atlas Cars Pakistan Ltd
NG3	Lucky Motor Corporation
NL1	Togg
NLA	Honda cars
NLC	Askam Kamyon Imalat Ve Ticaret A.S.
NLE	MERCEDES-BENZ TÜRK TRUCK
NLH	Hyundai Assan Otomotiv car/SUV
NLJ	Hyundai Assan Otomotiv van
NLN	Karsan Automotive Industry & Trade
NLR	Otokar
NLT	TEMSA
NM0	Ford Otosan
NM1	Oyak-Renault Oto Fab AS
NM4	Tofas (Turk Otomobil Fabrikasi AS)
NMA	MAN Türkiye A.Ş.
NMB	Mercedes-Benz Türk A.S.
NMC	BMC Otomotiv Sanayi ve Ticaret A.Ş.
NMH	Honda motorcycle
NMT	Toyota Motor Manufacturing Turkey
NNA	Anadolu Isuzu
PAB	Isuzu Philippines Corporation
PAD	Honda Cars Philippines
PAF	BMW Philippines
PE1	Ford Motor Company Philippines
PE3	Mazda Philippines made by Ford Motor Company Philippines
PL1	Proton
PL8	Hyundai/Inokom
PLP	Subaru
PLZ	Isuzu Malaysia
PM1	BMW
PM2	Perodua
PM9	Bufori
PMH	Honda car
PMK	Honda Boon Siew motorcycle
PML	Hicom
PMN	Modenas
PMV	Hong Leong Yamaha Motor Sdn. Bhd.
PN1	Toyota
PN2	Toyota
PN8	Nissan
PNA	Naza/Kia/Peugeot
PNV	Volvo Cars
PP1	Mazda
PP3	Hyundai
PPP	Suzuki
PPV	Volkswagen
PR8	Ford
PRA	Sinotruk
PRB	Jaecoo (Chery Jaecoo)
PRH	Chery
PRN	GAC Trumpchi made by Warisan Tan Chong Automotif Malaysia
R1N	NIU
R4N	Elyx Smart Technology Holdings (Hong Kong) Ltd.
RA1	Steyr Trucks International FZE
RF3	Aeon Motor
RF5	Yulon Motor Co Ltd
RFB	Kymco
RFC	Taiwan Golden Bee
RFD	Tai Ling Motor Co Ltd new designation
RFG	SYM Motors
RFL	ADLY
RFT	CPI
RFV	PGO Scooters including Genuine Scooter Company models made by PGO
RGS	Kawasaki made by Kymco
RHA	Ford Lio Ho Motor Co Ltd new designation
RK7	Kawasaki ATV made by Tai Ling Motor Co Ltd (rebadged Suzuki ATV) new designation
RKJ	Prince Motors Taiwan
RKL	Kuozui Motors (Toyota)
RKM	China Motor Corporation
RKR	Yamaha Motor Taiwan Co. Ltd. new designation
RKT	Honda Taiwan
RL0	Ford Vietnam
RL1	Suzuki
RL2	Ford
RL3	Ford
RL4	Toyota Motor Vietnam
RL5	Lifan
RL6	Piaggio
RL8	Lifan
RLA	Vina Star Motors Corp. – Mitsubishi
RLC	Yamaha Motor Vietnam Co. Ltd.
RLD	Isuzu
RLE	Isuzu Vietnam Co.
RLF	BMW BMW cars 2003-2014 Vietnam
RLG	SYM
RLH	Honda Vietnam Co. Ltd.
RLL	VinFast SUV
RLM	Mercedes-Benz Vietnam
RLS	Suzuki
RLV	Vietnam Precision Industrial CO., Ltd. Can-Am DS 70 & DS 90
RP8	Piaggio Vietnam Co. Ltd.
SA9	Morgan Motor Company, OX Global
SAA	Austin
SAB	Optare
SAD	Daimler until April 1987
SAF	ERF
SAH	Honda made by Austin Rover Group
SAJ	Jaguar
SAL	Land Rover
SAM	Morris
SAR	Rover & MG Rover Group
SAT	Triumph car
SAX	Austin Rover Group including Sterling Cars
SAY	Norton Motorcycles
SAZ	Freight Rover
SB1	Toyota Manufacturing UK
SBB	Leyland Vehicles
SBC	Iveco Ford Truck
SBJ	Leyland Bus
SBL	Leyland Motors & Leyland DAF
SBM	McLaren Group
SBS	Scammell
SBV	Kenworth & Peterbilt trucks made by Leyland Trucks
SC6	INEOS Automotive
SCA	Rolls-Royce Motor Cars & Rolls-Royce Motors car
SCB	Bentley Motors Limited
SCC	Lotus Cars Limited
SCE	DeLorean
SCF	Aston Martin Lagonda Limited
SCG	Triumph Engineering original Triumph Motorcycle company
SCK	Ifor Williams Trailers
SCR	London Electric Vehicle Company & London Taxi Company & London Taxis International
SCV	Volvo Truck & Bus
SD7	Aston Martin SUVs
SDB	Talbot Motor Company
SDF	Dodge Trucks – UK 1981–1984
SDG	Renault Trucks Industries 1985–1992
SDK	Caterham Cars
SDL	TVR
SDP	MG Motor NAC MG UK & MG Motor UK
SED	IBC Vehicles (Isuzu Bedford Company)
SEG	Dennis Eagle
SEY	LDV Group
SFA	Ford of Britain
SFD	Dennis
SFE	Alexander Dennis
SFN	Foden
SFZ	Tesla Roadster made by Lotus
SGD	Swift Group Ltd.
SHH	Honda UK Manufacturing car
SHS	Honda UK Manufacturing SUV
SJA	Bentley SUV
SJK	Nissan Motor Manufacturing UK Infiniti
SJN	Nissan Motor Manufacturing UK Nissan
SKA	Vauxhall Motors
SKF	Bedford Vehicles
SLA	Rolls-Royce Motor Cars SUV
SLP	JC Bamford Excavators
SLV	Volvo Bus
SMT	Triumph Motorcycles Ltd current Triumph Motorcycle company
SNE	Wartburg
SNT	Trabant
SNZ	MZ Motorrad- und Zweiradwerk
SU9	SOLARIS
SUA	Sanocka Fabryka Autobusow Sfa / Autosan
SUD	Wielton
SUE	BOSMAL
SUF	Fabryka Samochodów Małolitrażowych
SUJ	Jelcz
SUL	FSC Lublin Automotive Factory
SUM	Metal-Fach Sp. z o.o.
SUN	FSD
SUP	Fabryka Samochodow Osobowych
SUR	Factory of Agricultural Vehicles ‘Polmo’ in Poznań
SUS	Fabryka Samochodów Ciężarowych „Star”
SUU	Solaris Bus & Coach
SUZ	Zasław
SW9	Solbus
SWV	TA-NO
SX9	SOMMER
SZ9	EPOKA
SZA	Scania Production Slupsk
SZB	Pronar
SZH	BWW
SZR	BORO
TAM	Mowag
TAP	Polaris Europe (based in Switzerland)
TCC	Micro Compact Car (until 5/99)
TDM	QUANTYA SWISS ELECTRIC MOVEMENT (SWITZERLAND)
TEB	Bucher Municipal including Johnston Sweepers of the UK (owned by Bucher Municipal of Switzerland)
TK9	SOR Libchavy	SL5
TLJ	Jawa Moto
TM9	ŠKODA TROLLEYBUSES (CZECH REPUBLIC)
TMA	Hyundai Motor Manufacturing Czech car
TMB	Škoda Auto AS
TMC	Hyundai Motor Manufacturing Czech SUV
TMK	Karosa
TMP	Škoda Ostrov
TMT	Tatra car
TN9	KAROSA (CZECH REPUBLIC)
TNA	Avia/Daewoo Avia
TNE	TAZ
TNT	Tatra trucks
TNU	Tatra trucks
TRA	Ikarus Bus
TRU	Audi
TSE	IKARUS EGYEDI AUTOBUSZGYAR
TSM	Suzuki
TW1	Toyota Caetano Portugal
TW3	Renault Portuguesa SARL
TW7	Mini Moke made by British Leyland & Austin Rover
TW8	General Motors De Portugal Lda
TWG	Salvador Caetano
TX5	Mini Moke made by Cagiva
TYA	Mitsubishi Fuso Truck and Bus Corp.
TYB	Mitsubishi Fuso Truck and Bus Corp.
U5Y	Kia Motors Slovakia car
U6Y	Kia Motors Slovakia SUV
UKH	HARDI International A/S (Agricultural Machinery)
ULA	ASA-LIFT: Vegetable Technology Specialist (Agricultural Machinery)
UU	DACIA
UU1	Dacia
UU2	Oltcit
UU3	ARO
UU5	Rocar
UU6	Daewoo Romania
UU7	Euro Bus Diamond
UU9	Astra Bus
UZT	UTB (Uzina de Tractoare Brașov)
V31	Tvornica Autobusa Zagreb (TAZ)
V39	Rimac Automobili	AB8
VA0	ÖAF
VAG	Steyr-Daimler-Puch Puch G & Steyr-Puch Pinzgauer
VAK	Kässbohrer Transport Technik
VAN	Steyr-Daimler-Puch Steyr Trucks
VBK	KTM
VCF	Fisker Inc. (Fisker Ocean) made by Magna Steyr
VF1	Renault & Eagle Medallion made by Renault
VF2	Renault Trucks
VF3	Peugeot
VF4	Talbot
VF5	Iveco Unic
VF6	Renault Trucks
VF7	Citroën
VF8	Matra/Talbot/Simca
VF9	Mathieu Fayat Group	607
VFA	Alpine
VFE	IVECOBUS
VG5	MBK & Yamaha Motor
VG6	Renault Trucks & Mack Trucks medium duty trucks made by Renault Trucks
VG7	Renault Trucks
VG8	Renault Trucks
VG9	EVRARD (Agricultural Machinery)
VGA	Peugeot Motocycles
VJ1	Heuliez Bus
VJ2 Mia Electric
VK8	Venturi Automobiles
VL4	Bluecar
VLU	Scania Production Angers
VMK	Renault Sport Spider
VN1	Renault SOVAB
VNE	Iveco Bus
VNK	Toyota Motor Manufacturing France
VNV	Nissan
VPS	MLT Automotive
VR1	DS Automobiles
VR3	Peugeot
VR7	Citroën
VS1	Pegaso
VS5	Renault España
VS6	Ford Espana
VS7	Citroën
VS8	Peugeot
VS9	CARROCERIAS AYATS (SPAIN)
VSA	MERCEDES-BENZ SPAIN
VSC	Mercedes-Benz Espana SA (Vitoria)
VSE	Santana Motor
VSG Nissan
VSK	Nissan Motor Iberica SA, Nissan passenger car/MPV/van/SUV/pickup & Ford Maverick 1993–1999
VSS	SEAT
VSX	Opel Automobile Espana, SA
VTD	Montesa Honda Honda Montesa motorcycle models
VTH	Derbi
VTL	Yamaha Motor España SA & Yamaha Sociedad Española de Motocicletas
VTM	Montesa Honda Honda motorcycle models
VTR	Gas Gas
VTT	Suzuki Motor España Motorcycle
VV9	Tauro Sport Auto
VWA	Nissan Vehiculos Industriales SA, Nissan Commercial Vehicles
VWV	VOLKSWAGEN SPAIN
VX1	Zastava Automobiles
VXE	Opel Automobile GmbH/Vauxhall van
VXK	Opel Automobile GmbH/Vauxhall car/SUV
VYC	Lancia (models on PSA CMP platform)
W04	Buick Regal & Buick Cascada
W06	Cadillac Catera
W08	Saturn Astra
W09	Bitter Cars	B09
W0L	Adam Opel AG/Vauxhall & Holden
W0S	Opel Special Vehicles
W0SV	OPEL SPECIAL VEHICLES
W0V	Opel Automobile Gmbh/Vauxhall & Holden
W1A	Smart
W1H	Freightliner Econic
W1K	Mercedes-Benz car
W1N	Mercedes-Benz SUV
W1T	Mercedes-Benz truck
W1V	Mercedes-Benz van
W1W	Mercedes-Benz MPV (van with 2 or 3 rows of seats) (North America)
W1X	Mercedes-Benz incomplete vehicle (North America)
W1Y	Mercedes-Benz truck (cargo van with 1 row of seats) (North America)
W1Z	Mercedes-Benz "bus" (van with more than 3 rows of seats) (North America)
W2W	Freightliner Sprinter MPV (van with 2 or 3 rows of seats)
W2X	Freightliner Sprinter incomplete vehicle
W2Y	Freightliner Sprinter truck (cargo van with 1 row of seats)
W2Z	Freightliner Sprinter "bus" (van with more than 3 rows of seats)
WA1	AUDI SUV
WAC	Audi/Porsche RS 2 Avant
WAG	Neoplan
WAP	Alpina
WAU	Audi car
WB1	BMW Motorrad Motorcycle
WB3	BMW Motorrad Motorcycles made in India
WB4	BMW Motorrad Motorscooters made in China
WB5	BMW i SUV
WB6	BMW M SUV
WBA	BMW car
WBS	BMW M car
WBW	BMW
WBX	BMW SUV
WBY	BMW i car
WCD	Freightliner Sprinter "bus" (van with more than 3 rows of seats) 2008–2019
WD0	Dodge Sprinter truck (cargo van with 1 row of seats) 2005–2009
WD1	Freightliner Sprinter 2002 & Sprinter (Dodge or Freightliner) 2003–2005 incomplete vehicle
WD2	Freightliner Sprinter 2002 & Sprinter (Dodge or Freightliner) 2003–2005 truck (cargo van with 1 row of seats)
WD3	Mercedes-Benz truck (cargo van with 1 row of seats) (North America)
WD4	Mercedes-Benz MPV (van with 2 or 3 rows of seats) (North America)
WD5	Freightliner Sprinter 2002 & Sprinter (Dodge or Freightliner) 2003–2005 MPV (van with 2 or 3 rows of seats)
WD6	Freightliner Unimog truck
WD7	Freightliner Unimog incomplete vehicle
WD8	Dodge Sprinter MPV (van with 2 or 3 rows of seats) 2005–2009
WDA	Mercedes-Benz incomplete vehicle (North America)
WDB	Mercedes-Benz & Maybach
WDC	Mercedes-Benz SUV
WDC, WDD, WMX	DAIMLERCHRYSLER AG/DAIMLER AG
WDD	Mercedes-Benz car
WDF	Mercedes-Benz van (French & Spanish built models – Citan & Vito & X-Class)
WDP	Freightliner Sprinter incomplete vehicle 2005–2019
WDR	Freightliner Sprinter MPV (van with 2 or 3 rows of seats) 2005–2019
WDW	Dodge Sprinter "bus" (van with more than 3 rows of seats) 2008–2009
WDX	Dodge Sprinter incomplete vehicle 2005–2009
WDY	Freightliner Sprinter truck (cargo van with 1 row of seats) 2005–2019
WDZ	Mercedes-Benz "bus" (van with more than 3 rows of seats) (North America)
WEB	EvoBus Mercedes-Benz buses
WEL	e.GO Mobile AG
WF0	Ford of Europe
WF1	Merkur
WJM	Iveco/Iveco Magirus
WJR	Irmscher
WKE	Krone Trailer
WKK	Setra & Karl Kässbohrer Fahrzeugwerke
WMA	MAN
WME	Smart (from 5/99)
WMW	Mini car
WMX	Mercedes-AMG used for Mercedes-Benz SLS AMG & Mercedes-AMG GT (not used in North America)
WMZ	Mini SUV
WNA	Next.e.GO Mobile SE
WP0	Porsche car
WP1	Porsche SUV
WS5	StreetScooter
WSM	Schmitz Cargobull
WU1	Audi Sport GmbH SUV
WUA	Audi SUV
WV1	Volkswagen Commercial Vehicles
WV2	Volkswagen Commercial Vehicles
WV3	VOLKSWAGEN TRUCKS
WVG	Volkswagen SUV
WVM	Arbeitsgemeinschaft VW-MAN
WVP	Viseon Bus
WVW	Volkswagen car
WZ1	Toyota Supra Fifth generation
X1E	KAvZ
X1M	PAZ
X4X	BMW made by Avtotor
X7L	Renault Russia
X7M	HYUNDAI TAGAZ (RUSSIA)
X8J	IMZ-Ural Ural Motorcycles
X96	GAZ
X9F	Ford Motor Company ZAO
X9L	GM-AvtoVAZ
X9P	Volvo Vostok ZAO Volvo Trucks
X9X	Great Wall Motors IMS Avtotrade-12 LLC
XBB	Great Wall Motors/Litex Motors AD
XL9	Autobusfabriek Bova BV	003
XLB	Volvo Car B.V./NedCar B.V. (Volvo Cars)
XLE	Scania Nederland B.V.
XLR	DAF Trucks & Leyland DAF
XLV	DAF Bus
XMC	NedCar B.V. Mitsubishi Motors
XMG	VDL Bus International
XNC	NedCar B.V. Mitsubishi Motors (Colt CZC convertible)
XNL	VDL Bus & Coach
XNT	Pacton Trailer
XP7	Tesla Europe (based in the Netherlands)
XTA	AvtoVAZ
XTB	AZLK
XTC	KAMAZ
XTF	GolAZ
XTH	GAZ
XTT	UAZ
XTY	LiAZ
XU1	UAZ Special Purpose Vehicles
XUF	General Motors Russia
XUU	Chevrolet made by Avtotor
XW7	Toyota Motor Manufacturing Russia
XW8	Volkswagen Group Rus
XWB	UzDaewoo GM Uzbekistan Ravon
XWE	Hyundai Motor Company & Kia made by Avtotor
Y3M	MAZ
Y4K	BelGee
Y6D	ZAZ
Y6J	Bogdan group
Y6L	LUAZ, LUTSK, UKRAINE
Y6U	Škoda Auto made by Eurocar
Y7B	Bogdan group
Y7C	Great Wall Motors KrASZ
YAR	Toyota Motor Europe (based in Belgium) used for Toyota ProAce & Toyota ProAce City
YB1	Volvo Trucks
YB3	Volvo Trucks
YB6	Jonckheere
YBW	VOLKSWAGEN BELGIUM
YC1	Honda
YCM	MAZDA BELGIUM
YE2	Van Hool
YH2	Lynx (snowmobile)
YH4	Fisker Automotive (Fisker Karma) built by Valmet Automotive
YK1	Saab built by Valmet Automotive
YK7	Sisu Auto
YS2	Scania, Södertälje truck
YS3	Saab
YS4	Scania, Katrineholm bus
YSC	Cadillac BLS built by Saab
YSM	Polestar
YT9	Koenigsegg Automotive AB	007
YTN	Saab NEVS
YU7	Husaberg Swedish built models
YV1	Volvo Cars car
YV2	Volvo Trucks
YV3	Volvo Buses
YV4	Volvo Cars SUV
YV5	Volvo Trucks incomplete vehicle
YYC	Think Nordic
Z6F	Ford Sollers
Z8M	MARUSSIA (RUSSIA)
Z8N	Nissan Manufacturing Rus
Z8T	PCMA Rus
Z94	Hyundai Motor Manufacturing Rus
Z9M	Mercedes-Benz Trucks Vostok
ZA9	Lamborghini through mid 2003	A12
ZAA	Autobianchi
ZAC	Jeep and Dodge Hornet
ZAH	Rolfo
ZAM	Maserati car
ZAP	Piaggio and Vespa and Gilera
ZAR	Alfa Romeo car & Nissan Cherry Europe
ZAS	Alfa Romeo Alfasud & Sprint through 1989
ZBA	BMW For South africa
ZBB	Gruppo Bertone
ZBI	BMW For Indonesia
ZBM	BMW For Philippines
ZBN	Benelli
ZBP	BMW For Malaysia
ZBT	BMW For Thailand
ZBW	Rayton-Fissore Magnum
ZC2	Chrysler TC by Maserati
ZC6	Effedi Veicoli Commerciali
ZCF	Iveco
ZCG	Cagiva & MV Agusta
ZD0	Yamaha Motor Italia SpA & Belgarda SpA
ZD3	Betamotor S.p.A.
ZD4	Aprilia
ZDC	Honda Italia Industriale S.p.A.
ZDF	FERRARI DINO
ZDM	Ducati Motor Holding
ZDT	De Tomaso Modena SpA
ZDY	Cacciamali
ZE8	Bremach
ZES	Bimota
ZF4	Qvale
ZFA	Fiat car Also Fiat Fullback
ZFB	Fiat MPV/SUV
ZFC	Ram 1200
ZFF	Ferrari
ZFM	Fantic Motor
ZFR	Pininfarina
ZGA	Iveco Bus
ZGU	Moto Guzzi
ZHU	Husqvarna Motorcycles Under Cagiva ownership
ZHW	Lamborghini car from mid 2003
ZJM	Malaguti
ZJN	Innocenti
ZJT	Italjet
ZK5	Hyundai Automobili Italia Importazioni
ZKH	Husqvarna Motorcycles Srl Under BMW ownership
ZLA	Lancia
ZLM	Moto Morini srl
ZLV	Laverda
ZN0	SWM Motorcycles S.r.l.
ZN3	Iveco Defence
ZN6	Maserati SUV
ZNN	Energica Motor Company
ZOM	OM
ZPB	Lamborghini SUV
ZPY	DR Automobiles
ZZ1	Tomos motorcycle
