P0002	Fuel Volume Regulator Control Circuit Range/Performance
P0003	Fuel Volume Regulator Control Circuit Low
P000E	Fuel Volume Regulator Control Exceeded Learning Limit
P0011	A Camshaft Position - Timing Over-Advanced or System Performance (Bank 1)
P0014	B Camshaft Position - Timing Over-Advanced or System Performance (Bank 1)
P0016	Crankshaft Position - Camshaft Position Correlation (Bank 1 Sensor A)
P0017	Crankshaft Position - Camshaft Position Correlation (Bank 1 Sensor B)
P0018	Crankshaft Position - Camshaft Position Correlation (Bank 2 Sensor A)
P0019	Crankshaft Position - Camshaft Position Correlation (Bank 2 Sensor B)
P0020	B Camshaft Position Actuator Circuit (Bank 2)
P0022	A Camshaft Position - Timing Over-Retarded (Bank 2)
P0024	B Camshaft Position - Timing Over-Advanced or System Performance (Bank 2)
P0025	B Camshaft Position - Timing Over-Retarded (Bank 2)
P002A	B Camshaft Profile Control Circuit/Open Bank 1
P002C	B Camshaft Profile Control Circuit High Bank 1
P0031	Oxygen (A/F) Sensor Heater Control Circuit Low (Bank 1 Sensor 1)
P0032	Oxygen (A/F) Sensor Heater Control Circuit High (Bank 1 Sensor 1)
P0036	HO2S Heater Control Circuit (Bank 1 Sensor 2)
P0037	HO2S Heater Control Circuit Low (Bank 1 Sensor 2)
P0038	HO2S Heater Control Circuit High (Bank 1 Sensor 2)
P003C	A Camshaft Profile Control Circuit Performance/Stuck Off Bank 1
P003D	A Camshaft Profile Control Circuit Stuck On Bank 1
P0040	O2 Sensor Signals Swapped Bank 1 Sensor 1 / Bank 2 Sensor 1
P0041	O2 Sensor Signals Swapped Bank 1 Sensor 2 / Bank 2 Sensor 2
P004F	Turbocharger/Supercharger Boost Control B Circuit Intermittent/Erratic
P0050	HO2S Heater Control Circuit (Bank 2 Sensor 1)
P0051	Oxygen (A/F) Sensor Heater Control Circuit Low (Bank 2 Sensor 1)
P0052	Oxygen (A/F) Sensor Heater Control Circuit High (Bank 2 Sensor 1)
P0056	HO2S Heater Control Circuit (Bank 2 Sensor 2)
P0057	HO2S Heater Control Circuit Low (Bank 2 Sensor 2)
P0058	HO2S Heater Control Circuit High (Bank 2 Sensor 2)
P005B	B Camshaft Profile Control Circuit Stuck On Bank 1
P0063	HO2S Heater Control Circuit Low (Bank 2 Sensor 3)
P0064	HO2S Heater Control Circuit High (Bank 2 Sensor 3)
P0068	MAP/MAF - Throttle Position Correlation
P0069	Manifold Absolute Pressure - Barometric Pressure Correlation
P0072	Ambient Air Temperature Sensor Circuit Low
P0073	Ambient Air Temperature Sensor Circuit High
P0079	Exhaust Valve Control Solenoid Circuit Low (Bank 1)
P007A	Charge Air Cooler Temperature Sensor Circuit Bank 1
P007F	Charge Air Cooler Temperature Sensor Bank1/Bank2 Correlation
P0090	Fuel Pressure Regulator 1 Control Circuit Open
P009A	Intake Air Temperature/Ambient Air Temperature Correlation
P00A6	Intake Air Temperature (IAT) Sensor 2 Circuit Range/Performance Bank 2
P00A9	Intake Air Temperature Sensor 2 Circuit Intermittent Bank 2
P00AA	Intake Air Temperature Sensor 1 Circuit Malfunction Bank 2
P00AB	Intake Air Temperature (IAT) Sensor 1 Circuit Range/Performance Bank 2
P00AD	Intake Air Temperature Sensor 1 Circuit High Bank 2
P0100	Mass or Volume Air Flow (MAF) Circuit Malfunction
P0101	Mass Air Flow (MAF) Circuit Range/Performance
P0102	Mass or Volume Air Flow Circuit Low
P0103	Mass or Volume Air Flow Circuit High
P0104	Mass or Volume Air Flow Circuit Intermittent/Erratic
P0105	Manifold Absolute Pressure/Barometric Pressure Circuit Malfunction
P0106	Manifold Absolute Pressure/Barometric Pressure Circuit Range/Performance Problem
P0107	Manifold Absolute Pressure/Barometric Pressure Circuit Low Input
P0108	Manifold Absolute Pressure/Barometric Pressure Circuit High Input
P0109	Manifold Absolute Pressure/Barometric Pressure Circuit Intermittent
P010A	Mass or Volume Air Flow B Circuit Malfunction
P0110	Intake Air Temperature Sensor 1 Circuit Malfunction
P0111	Intake Air Temperature (IAT) Sensor 1 Circuit Range/Performance
P0112	Intake Air Temperature Sensor 1 Circuit Low Input
P0113	Intake Air Temperature Sensor 1 Circuit High Input
P0114	Intake Air Temperature Sensor 1 Circuit Intermittent
P0115	Engine Coolant Temperature Sensor Circuit Malfunction
P0116	Engine Coolant Temperature (ECT) Sensor Circuit Range/Performance
P0117	Engine Coolant Temperature (ECT) Sensor Circuit Low Input
P0118	Engine Coolant Temperature Sensor Circuit High Input
P0119	Engine Coolant Temperature Sensor Circuit Intermittent
P0120	Throttle Position Sensor/Switch (TPS) A Circuit Malfunction
P0121	Throttle Position Sensor/Switch A Circuit Range/Performance Problem
P0122	Throttle Position Sensor/Switch A Circuit Low Input
P0123	Throttle Position Sensor/Switch A Circuit High Input
P0124	Throttle Position Sensor/Switch A Circuit Intermittent
P0125	Insufficient Coolant Temperature For Closed Loop Fuel Control
P0126	Insufficient Coolant Temperature for Stable Operation
P0128	Coolant Thermostat (Coolant Temperature Below Thermostat Regulating Temperature)
P0130	O2 Sensor Circuit Malfunction (Bank 1 Sensor 1)
P0131	Oxygen O2 Sensor Circuit Low Voltage (Bank 1, Sensor 1)
P0132	O2 Oxygen Sensor Circuit High Voltage (Bank1, Sensor1)
P0133	Oxygen Sensor Circuit Slow Response (Bank1, Sensor1)
P0134	O2 Sensor Circuit No Activity Detected (Bank 1 Sensor 1)
P0135	Oxygen O2 Sensor Heater Circuit Malfunction (Bank 1, Sensor 1)
P0136	Oxygen O2 Sensor Circuit Low Voltage (Bank 1, Sensor 2)
P0137	Oxygen O2 Sensor Circuit Low Voltage (Bank 1, Sensor 2)
P0138	O2 Oxygen Sensor Circuit High Voltage (Bank1, Sensor2)
P0140	O2 Sensor Circuit No Activity Detected (Bank 1 Sensor 2)
P0141	O2 Sensor Heater Circuit Malfunction (Bank 1, Sensor 2)
P0142	O2 Sensor Circuit Malfunction (Bank 1 Sensor 3)
P0143	O2 Sensor Circuit Low Voltage (Bank 1 Sensor 3)
P0144	O2 Sensor Circuit High Voltage (Bank 1 Sensor 3)
P0145	O2 Sensor Circuit Slow Response (Bank 1 Sensor 3)
P0146	O2 Sensor Circuit No Activity Detected (Bank 1 Sensor 3)
P0147	O2 Sensor Heater Circuit Malfunction (Bank 1 Sensor 3)
P0150	O2 Sensor Circuit Malfunction (Bank 2 Sensor 1)
P0151	Oxygen O2 Sensor Circuit Low Voltage (Bank 2, Sensor 1)
P0152	O2 Sensor Circuit High Voltage (Bank 2 Sensor 1)
P0153	Oxygen Sensor Circuit Slow Response (Bank2, Sensor1)
P0154	O2 Sensor Circuit No Activity Detected (Bank 2 Sensor 1)
P0155	O2 Sensor Heater Circuit Malfunction (Bank 2 Sensor 1)
P0156	O2 Sensor Circuit Malfunction (Bank 2 Sensor 2)
P0157	O2 Sensor Circuit Low Voltage (Bank 2 Sensor 2)
P0158	O2 Sensor Circuit High Voltage (Bank 2 Sensor 2)
P0159	Oxygen Sensor Circuit Slow Response (Bank2, Sensor2)
P0160	O2 Sensor Circuit No Activity Detected (Bank 2 Sensor 2)
P0161	Oxygen O2 Sensor Circuit Low Voltage (Bank 2, Sensor 2)
P0162	O2 Sensor Circuit Malfunction (Bank 2 Sensor 3)
P0163	O2 Sensor Circuit Low Voltage (Bank 2 Sensor 3)
P0164	O2 Sensor Circuit High Voltage (Bank 2 Sensor 3)
P0165	O2 Sensor Circuit Slow Response (Bank 2 Sensor 3)
P0166	O2 Sensor Circuit No Activity Detected (Bank 1 Sensor 3)
P0167	O2 Sensor Heater Circuit Malfunction (Bank 2 Sensor 3)
P0170	Fuel Trim Malfunction (Bank 1)
P0171	System Too Lean (Bank 1)
P0172	System Too Rich (Bank 1)
P0173	Fuel Trim Malfunction (Bank 2)
P0174	System Too Lean (Bank 2)
P0176	Fuel Composition Sensor Circuit Malfunction
P0177	Fuel Composition Sensor Circuit Range/Performance
P0178	Fuel Composition Sensor Circuit Low Input
P0179	Fuel Composition Sensor Circuit High Input
P0181	Fuel Temperature Sensor A Circuit Range/Performance
P0182	Fuel Temperature Sensor A Circuit Low Input
P0183	Fuel Temperature Sensor A Circuit High Input
P0184	Fuel Temperature Sensor A Circuit Intermittent
P0185	Fuel Temperature Sensor B Circuit Malfunction
P0187	Fuel Temperature Sensor B Circuit Low Input
P0188	Fuel Temperature Sensor B Circuit High Input
P0189	Fuel Temperature Sensor B Circuit Intermittent
P0190	Fuel Rail Pressure Sensor A Circuit
P0191	Fuel Rail Pressure Sensor A Circuit Range/Performance
P0192	Fuel Rail Pressure Sensor A Circuit Low
P0193	Fuel Rail Pressure Sensor A Circuit High
P0194	Fuel Rail Pressure Sensor A Circuit Intermittent/Erratic
P0196	Engine Oil Temperature Sensor Range/Performance
P0197	Engine Oil Temperature Sensor Low
P0198	Engine Oil Temperature Sensor High
P0199	Engine Oil Temperature Sensor Intermittent
P0200	Injector Circuit Malfunction
P0201	Cylinder 1 Injector Circuit Malfunction
P0202	Cylinder 2 Injector Circuit Malfunction
P0203	Cylinder 3 Injector Circuit Malfunction
P0204	Cylinder 4 Injector Circuit Malfunction
P0205	Cylinder 5 Injector Circuit Malfunction
P0206	Cylinder 6 Injector Circuit Malfunction
P0207	Cylinder 7 Injector Circuit Malfunction
P0208	Cylinder 8 Injector Circuit Malfunction
P0209	Cylinder 9 Injector Circuit Malfunction
P0210	Cylinder 10 Injector Circuit Malfunction
P0211	Cylinder 11 Injector Circuit Malfunction
P0213	Cold Start Injector 1 Malfunction
P0214	Cold Start Injector 2 Malfunction
P0216	Injection Timing Control Circuit Malfunction
P0217	Engine Overtemp Condition
P0218	Transmission Over Temperature Condition
P0219	Engine Overspeed Condition
P0220	Throttle Position Sensor/Switch (TPS) B Circuit Malfunction
P0221	Throttle Position Sensor/Switch B Circuit Range/Performance
P0222	Throttle Position Sensor/Switch B Circuit Low Input
P0223	Throttle Position Sensor/Switch B Circuit High Input
P0224	Throttle Position Sensor/Switch B Circuit Intermittent
P0225	Throttle Position Sensor/Switch (TPS) C Circuit Malfunction
P0226	Throttle Position Sensor/Switch C Circuit Range/Performance
P0227	Throttle Position Sensor/Switch C Circuit Low Input
P0229	Throttle Position Sensor/Switch C Circuit Intermittent
P0230	Fuel Pump Primary (Control) Circuit Malfunction
P0231	Fuel Pump Secondary (Feedback) Circuit Low Voltage
P0232	Fuel Pump Secondary (Feedback) Circuit High Voltage
P0233	Fuel Pump Secondary Circuit Intermittent
P0234	Turbo/Supercharger A Overboost Condition
P0235	Turbocharger Boost Sensor A Circuit Malfunction
P0237	Turbocharger/Supercharger Boost Sensor A Circuit Low
P0238	Turbocharger/Supercharger Boost Sensor A Circuit High
P0239	Turbocharger Boost Sensor B Circuit Malfunction
P0240	Turbocharger Boost Sensor B Range/Performance
P0241	Turbocharger/Supercharger Boost Sensor B Circuit Low
P0242	Turbocharger/Supercharger Boost Sensor B Circuit High Input
P0243	Turbocharger Wastegate Solenoid A Malfunction
P0244	Turbocharger Wastegate Solenoid A Range/Performance
P0245	Turbocharger Wastegate Solenoid A Low
P0246	Turbocharger Wastegate Solenoid A High
P0247	Turbocharger Wastegate Solenoid B Malfunction
P0248	Turbocharger Wastegate Solenoid B Range/Performance
P0249	Turbocharger Wastegate Solenoid B Low
P024D	Charge Air Cooler Bypass Position Sensor A Circuit Range/Performance
P0250	Turbocharger Wastegate Solenoid B High
P0251	Injection Pump Fuel Metering Control A Malfunction (Cam/Rotor/Injector)
P0252	Injection Pump Fuel Metering Control A Range/Performance (Cam/Rotor/Injector)
P0253	Injection Pump Fuel Metering Control A Low (Cam/Rotor/Injector)
P0254	Injection Pump Fuel Metering Control A High (Cam/Rotor/Injector)
P0255	Injection Pump Fuel Metering Control B Intermittent (Cam/Rotor/Injector)
P0256	Injection Pump Fuel Metering Control B Malfunction (Cam/Rotor/Injector)
P0257	Injection Pump Fuel Metering Control B Range/Performance (Cam/Rotor/Injector)
P0258	Injection Pump Fuel Metering Control B Low (Cam/Rotor/Injector)
P0259	Injection Pump Fuel Metering Control B High (Cam/Rotor/Injector)
P0261	Cylinder #1 Injector Circuit Low
P0262	Cylinder #1 Injector Circuit High
P0264	Cylinder #2 Injector Circuit Low
P0265	Cylinder #2 Injector Circuit High
P0267	Cylinder #3 Injector Circuit Low
P0268	Cylinder #3 Injector Circuit High
P0269	Cylinder 3 Contribution/Balance
P0270	Cylinder #4 Injector Circuit Low
P0271	Cylinder #4 Injector Circuit High
P0272	Cylinder 4 Contribution/Balance
P0273	Cylinder #5 Injector Circuit Low
P0274	Cylinder #5 Injector Circuit High
P0275	Cylinder 5 Contribution/Balance
P0276	Cylinder #6 Injector Circuit Low
P0277	Cylinder #6 Injector Circuit High
P0278	Cylinder 6 Contribution/Balance
P0279	Cylinder #7 Injector Circuit Low
P0280	Cylinder #7 Injector Circuit High
P0281	Cylinder 7 Contribution/Balance
P0282	Cylinder #8 Injector Circuit Low
P0283	Cylinder #8 Injector Circuit High
P0285	Cylinder #9 Injector Circuit Low
P0286	Cylinder #9 Injector Circuit High
P0287	Cylinder 9 Contribution/Balance
P0288	Cylinder #10 Injector Circuit Low
P0289	Cylinder #10 Injector Circuit High
P0290	Cylinder 10 Contribution/Balance
P0291	Cylinder #11 Injector Circuit Low
P0292	Cylinder #11 Injector Circuit High
P0295	Cylinder #12 Injector Circuit High
P0296	Cylinder 12 Contribution/Balance
P029B	Cylinder 1 Fuel Trim at Min Limit
P02A3	Cylinder 3 Fuel Trim at Min Limit
P02A6	Cylinder 4 Fuel Trim at Max Limit
P02A7	Cylinder 4 Fuel Trim at Min Limit
P02AB	Cylinder 5 Fuel Trim at Min Limit
P02B0	Cylinder 6 Injector Restricted
P02B8	Cylinder 8 Injector Restricted
P02BB	Cylinder 9 Fuel Trim at Min Limit
P02BC	Cylinder 9 Injector Restricted
P02BD	Cylinder 9 Injector Leaking
P02BE	Cylinder 10 Fuel Trim at Max Limit
P02C1	Cylinder 10 Injector Leaking
P02C5	Cylinder 11 Injector Leaking
P02C7	Cylinder 12 Fuel Trim at Min Limit
P02C8	Cylinder 12 Injector Restricted
P02C9	Cylinder 12 Injector Leaking
P0300	Random/Multiple Cylinder Misfire Detected
P0301	Cylinder #1 Misfire Detected
P0302	Cylinder 2 Misfire Detected
P0303	Cylinder #3 Misfire Detected
P0304	Cylinder #4 Misfire Detected
P0305	Cylinder #5 Misfire Detected
P0306	Cylinder 6 Misfire Detected
P0307	Cylinder #7 Misfire Detected
P0308	Cylinder #8 Misfire Detected
P0309	Cylinder #9 Misfire Detected
P0311	Cylinder #11 Misfire Detected
P0312	Cylinder #12 Misfire Detected
P0320	Ignition/Distributor Engine Speed Input Circuit
P0322	Ignition/Distributor Engine Speed Input Circuit Low
P0323	Ignition/Distributor Engine Speed Input Circuit High
P0324	Knock Control System Error
P0325	Knock Sensor Circuit Malfunction
P0326	Knock Sensor 1 Circuit Range/Performance (Bank 1 or Single Sensor)
P0327	Knock Sensor 1 Circuit Low Input (Bank 1 or Single Sensor)
P0329	Knock Sensor Circuit Intermittent (Bank 1)
P032A	Knock Sensor 3 Circuit Malfunction (Bank 1)
P032B	Knock Sensor 3 Circuit Range/Performance (Bank 1)
P0330	Knock Sensor 2 Circuit Malfunction (Bank 2)
P0331	Knock Sensor 2 Circuit Range/Performance (Bank 2)
P0332	Knock Sensor 2 Circuit Low Input (Bank 2)
P0333	Knock Sensor 2 Circuit High Input (Bank 2)
P0334	Knock Sensor 2 Circuit Intermittent (Bank 2)
P0335	Crankshaft Position Sensor A Circuit Malfunction
P0336	Crankshaft Position Sensor A Circuit Range/Performance
P0337	Crankshaft Position Sensor Circuit A Low Input
P0338	Crankshaft Position Sensor A Circuit High Input
P0339	Crankshaft Position Sensor B Circuit Intermittent
P033B	Knock Sensor 4 Circuit Range/Performance (Bank 2)
P0340	Camshaft Position Sensor Circuit Malfunction
P0341	Camshaft Position Sensor Circuit Range/Performance
P0342	Camshaft Position Sensor A Circuit Low (Bank 1)
P0343	Camshaft Position Sensor A Circuit High Input (Bank 1)
P0344	Camshaft Position Sensor A Circuit Intermittent (Bank 1)
P0346	Camshaft Position Sensor A Circuit Range/Performance Bank 2
P0350	Ignition Coil Primary/Secondary Circuit Malfunction
P0351	Ignition Coil A Primary/Secondary Circuit Malfunction
P0352	Ignition Coil B Primary/Secondary Circuit Malfunction
P0353	Ignition Coil C Primary/Secondary Circuit Malfunction
P0354	Ignition Coil D Primary/Secondary Circuit Malfunction
P0355	Ignition Coil E Primary/Secondary Circuit Malfunction
P0356	Ignition Coil F Primary/Secondary Circuit Malfunction
P0357	Ignition Coil G Primary/Secondary Circuit Malfunction
P0358	Ignition Coil H Primary/Secondary Circuit Malfunction
P0359	Ignition Coil I Primary/Secondary Circuit Malfunction
P0360	Ignition Coil J Primary/Secondary Circuit Malfunction
P0361	Ignition Coil K Primary/Secondary Circuit Malfunction
P0362	Ignition Coil L Primary/Secondary Circuit Malfunction
P0363	Misfire Detected - Fueling Disabled
P0370	Timing Reference High Resolution Signal A Malfunction
P0371	Timing Reference High Resolution Signal A Too Many Pulses
P0372	Timing Reference High Resolution Signal A Too Few Pulses
P0373	Timing Reference High Resolution Signal A Intermittent/Erratic Pulses
P0374	Timing Reference High Resolution Signal A No Pulses
P0375	Timing Reference High Resolution Signal B Malfunction
P0376	Timing Reference High Resolution Signal B Too Many Pulses
P0377	Timing Reference High Resolution Signal B Too Few Pulses
P0378	Timing Reference High Resolution Signal B Intermittent/Erratic Pulses
P0379	Timing Reference High Resolution Signal B No Pulses
P0380	Glow Plug/Heater Circuit A
P0381	Glow Plug/Heater Indicator Circuit Malfunction
P0382	Glow Plug/Heater Circuit B
P0385	Crankshaft Position Sensor B Circuit Malfunction
P0386	Crankshaft Position Sensor B Circuit Range/Performance
P0387	Crankshaft Position Sensor B Circuit Low Input
P0388	Crankshaft Position Sensor B Circuit High Input
P0389	Crankshaft Position Sensor B Circuit Intermittent
P0400	Exhaust Gas Recirculation (EGR) Flow Malfunction
P0401	Insufficient Exhaust Gas Recirculation (EGR) Flow
P0402	Exhaust Gas Recirculation Flow (EGR) Excessive Detected
P0403	Exhaust Gas Recirculation A Control Circuit
P0404	Exhaust Gas Recirculation A Circuit Range/Performance
P0405	Exhaust Gas Recirculation Sensor A Circuit Low
P0406	Exhaust Gas Recirculation Sensor A Circuit High
P0407	Exhaust Gas Recirculation Sensor B Circuit Low
P0408	Exhaust Gas Recirculation Sensor B Circuit High
P0410	Secondary Air Injection System Malfunction
P0411	Secondary Air Injection System Incorrect Flow Detected
P0412	Secondary Air Injection System Switching Valve A Circuit Malfunction
P0413	Secondary Air Injection System Switching Valve A Circuit Open
P0414	Secondary Air Injection System Switching Valve A Circuit Shorted
P0415	Secondary Air Injection System Switching Valve B Circuit Malfunction
P0416	Secondary Air Injection System Switching Valve B Circuit Open
P0418	Secondary Air Injection System Relay A Circuit Malfunction
P0419	Secondary Air Injection System Relay B Circuit Malfunction
P041F	Secondary Air Injection System Switching Valve A Circuit Low
P0420	Catalyst System Efficiency Below Threshold (Bank 1)
P0421	Warm Up Catalyst Efficiency Below Threshold (Bank 1)
P0422	Main Catalyst Efficiency Below Threshold (Bank 1)
P0423	Heated Catalyst Efficiency Below Threshold (Bank 1)
P0424	Heated Catalyst Temperature Below Threshold (Bank 1)
P042B	Catalyst Temperature Sensor Circuit Range/Performance (Bank 1, Sensor 2)
P042C	Catalyst Temperature Sensor Circuit Low (Bank 1, Sensor 2)
P042D	Catalyst Temperature Sensor Circuit High (Bank 1, Sensor 2)
P042F	Exhaust Gas Recirculation A Control Stuck Closed
P0430	Catalyst System Efficiency Below Threshold (Bank 2)
P0432	Main Catalyst Efficiency Below Threshold (Bank 2)
P0433	Heated Catalyst Efficiency Below Threshold (Bank 2)
P0434	Heated Catalyst Temperature Below Threshold (Bank 1)
P043A	Catalyst Temperature Sensor Circuit Malfunction (Bank 2, Sensor 2)
P043B	Catalyst Temperature Sensor Circuit Range/Performance (Bank 2, Sensor 2)
P043C	Catalyst Temperature Sensor Circuit Low (Bank 2, Sensor 2)
P043D	Catalyst Temperature Sensor Circuit High (Bank 2, Sensor 2)
P0440	Evaporative Emission Control System Malfunction
P0441	Evaporative Emission Control System Incorrect Purge Flow
P0442	Evaporative Emission Control System Leak Detected (small leak)
P0443	Evaporative Emission Control System Purge Control Valve Circuit
P0444	Evaporative Emission Control System Purge Control Valve Circuit Open
P0445	Evaporative Emission Control System Purge Control Valve Circuit Shorted
P0446	Evaporative Emission Control System Vent Control Circuit Malfunction
P0447	Evaporative Emission Control System Vent Valve/Solenoid Circuit Open
P0448	Evaporative Emission Control System Vent Valve/Solenoid Circuit Shorted
P0449	Evaporative Emission Control System Vent Valve/Solenoid Circuit Malfunction
P044A	Exhaust Gas Recirculation Sensor C Circuit
P044B	Exhaust Gas Recirculation Sensor C Circuit Range/Performance
P044C	Exhaust Gas Recirculation Sensor C Circuit Low
P0450	Evaporative Emission Control System Pressure Sensor Malfunction
P0451	Evaporative Emission Control System Pressure Sensor Range/Performance
P0452	Evaporative Emission System Pressure Sensor/Switch Low
P0453	Evaporative Emissions Control System Pressure Sensor High Input
P0454	Evaporative Emission Control System Pressure Sensor Intermittent
P0455	Evaporative Emission Control System Leak Detected (no purge flow or large leak)
P0456	Evaporative Emissions System - Small leak detected
P045B	Exhaust Gas Recirculation B Control Circuit Range/Performance
P045C	Exhaust Gas Recirculation B Control Circuit Low
P045D	Exhaust Gas Recirculation B Control Circuit High
P045E	Exhaust Gas Recirculation B Control Stuck Open
P0460	Fuel Level Sensor Circuit Malfunction
P0461	Fuel Level Sensor Circuit Range/Performance
P0462	Fuel Level Sensor Circuit Low Input
P0463	Fuel Level Sensor Circuit High Input
P0464	Fuel Level Sensor Circuit Intermittent
P0465	Purge Flow Sensor Circuit Malfunction
P0466	Purge Flow Sensor Circuit Range/Performance
P0467	Purge Flow Sensor Circuit Low
P0468	Purge Flow Sensor Circuit High
P0469	Purge Flow Sensor Circuit Intermittent
P046B	Catalyst Temperature Sensor 1/2 Correlation (Bank 2)
P046C	Exhaust Gas Recirculation Sensor A Circuit Range/Performance
P046D	Exhaust Gas Recirculation Sensor A Circuit Intermittent/Erratic
P046E	Exhaust Gas Recirculation Sensor B Circuit Range/Performance
P046F	Exhaust Gas Recirculation Sensor B Circuit Intermittent/Erratic
P0470	Exhaust Pressure Sensor Malfunction
P0471	Exhaust Pressure Sensor Range/Performance
P0472	Exhaust Pressure Sensor Low Input
P0473	Exhaust Pressure Sensor High Input
P0474	Exhaust Pressure Sensor Circuit A Intermittent/Erratic
P0475	Exhaust Pressure Control Valve A
P0476	Exhaust Pressure Control Valve A Range/Performance
P0477	Exhaust Pressure Control Valve A Low
P0478	Exhaust Pressure Control Valve A High
P0479	Exhaust Pressure Control Valve A Intermittent
P047A	Exhaust Pressure Sensor B Malfunction
P047B	Exhaust Pressure Sensor B Range/Performance
P047C	Exhaust Pressure Sensor B Low Input
P047D	Exhaust Pressure Sensor B High Input
P047E	Exhaust Pressure Sensor Circuit B Intermittent/Erratic
P0480	Cooling Fan Relay 1 Control Circuit
P0481	Cooling Fan Relay 2 Control Circuit
P0482	Cooling Fan Relay 2 Control Circuit
P0483	Cooling Fan Rationality Check Malfunction
P0484	Cooling Fan Circuit Over Current
P0485	Cooling Fan Power/Ground Circuit Malfunction
P049A	Exhaust Gas Recirculation B Flow
P049E	Exhaust Gas Recirculation B Control Position Exceeded Learning Limit
P04A3	Exhaust Pressure Control Valve B Intermittent
P04A6	Exhaust Pressure Control Valve B Position Sensor/Switch Circuit
P04A7	Exhaust Pressure Control Valve B Position Sensor/Switch Circuit Range/Performance
P0500	Vehicle Speed Sensor A Malfunction
P0501	Vehicle Speed Sensor A Range/Performance
P0502	Vehicle Speed Sensor A Low Input
P0503	Vehicle Speed Sensor A Intermittent
P0505	IAC (Idle Air Control) System Malfunction
P0506	Idle Air Control (IAC) System RPM Lower Than Expected
P0507	Idle Air Control System RPM Higher Than Expected
P050C	Cold Start Engine Coolant Temperature Performance
P050F	Brake Assist Vacuum Too Low
P0510	Closed Throttle Position Switch Malfunction
P051E	Crankcase Pressure Sensor Circuit Intermittent/Erratic
P0520	Engine Oil Pressure Sensor/Switch Circuit
P0521	Engine Oil Pressure Sensor/Switch Range/Performance
P0522	Engine Oil Pressure Sensor/Switch Low
P0523	Engine Oil Pressure Sensor/Switch High
P0527	Fan Speed Sensor Circuit Range/Performance
P052E	Positive Crankcase Ventilation Regulator Valve Performance
P0530	A/C Refrigerant Pressure Sensor A Circuit Malfunction
P0531	A/C Refrigerant Pressure Sensor A Circuit Range/Performance
P0532	A/C Refrigerant Pressure Sensor A Circuit Low
P0533	A/C Refrigerant Pressure Sensor A Circuit High
P0544	Exhaust Gas Temperature (EGT) Sensor Circuit (Malfunction) Bank 1 Sensor 1
P0545	Exhaust Gas Temperature (EGT) Sensor Circuit Low Bank 1 Sensor 1
P0546	Exhaust Gas Temperature (EGT) Sensor Circuit High Bank 1 Sensor 1
P0550	Power Steering Pressure Sensor Circuit Malfunction
P0551	Power Steering Pressure Sensor Circuit Range/Performance
P0552	Power Steering Pressure Sensor Circuit Low
P0553	Power Steering Pressure Sensor Circuit High
P0554	Power Steering Pressure Sensor Circuit Intermittent
P0560	System Voltage Malfunction
P0561	System Voltage Unstable
P0562	System Voltage Low
P0563	System Voltage High
P0564	Cruise Control Multi-Function Input A Circuit
P0565	Cruise Control On Signal Malfunction
P0566	Cruise Control Off Signal Malfunction
P0567	Cruise Control Resume Signal Malfunction
P0568	Cruise Control Set Signal Malfunction
P0569	Cruise Control Coast Signal Malfunction
P0570	Cruise Control Accel Signal Malfunction
P0571	Cruise Control/Brake Switch A Circuit Malfunction
P0572	Cruise Control/Brake Switch A Circuit Low
P0573	Cruise Control/Brake Switch A Circuit High
P0574	Cruise Control - Vehicle Speed Too High
P0575	Cruise Control Input Circuit
P0576	Cruise Control Input Circuit Low
P0577	Cruise Control Input Circuit High
P0578	Cruise Control Multi-Function Input A Circuit Stuck
P0579	Cruise Control Multi-Function Input A Circuit Range/Performance
P0580	Cruise Control Multi-Function Input A Circuit Low
P0597	Thermostat Heater Control Circuit Open
P0598	Thermostat Heater Control Circuit Low
P0599	Thermostat Heater Control Circuit High
P0600	Serial Communication Link Malfunction
P0601	Internal Control Module Memory Check Sum Error
P0602	Control Module Programming Error
P0603	Internal Control Module Keep Alive Memory (KAM) Error
P0604	Internal Control Module Random Access Memory (RAM) Error
P0605	Internal Control Module Read Only Memory (ROM) Error
P0606	PCM / ECM Processor Fault
P0607	Control Module Performance
P0608	Control Module VSS Output A Malfunction
P0609	Control Module VSS Output B Malfunction
P060B	Internal Control Module A/D Processing Performance
P0620	Generator Control Circuit Malfunction
P0621	Generator Lamp L Control Circuit Malfunction
P0622	Generator Field F Control Circuit Malfunction
P0635	Power Steering Control Circuit
P0636	Power Steering Control Circuit Low
P0637	Power Steering Control Circuit High
P0638	Throttle Actuator Control Range/Performance (Bank 1)
P063E	Auto Configuration Throttle Input Not Present
P063F	Auto Configuration Engine Coolant Temperature Input Not Present
P0648	Immobilizer Lamp Control Circuit
P0649	Speed Control Lamp Control Circuit
P0651	Sensor Reference Voltage B Circuit Open
P0654	Engine RPM Output Circuit Malfunction
P0655	Engine Hot Lamp Output Control Circuit Malfunction
P0656	Fuel Level Output Circuit Malfunction
P065D	Reductant System Malfunction Lamp Control Circuit
P069F	Throttle Actuator Control Lamp Control Circuit
P06A2	Variable A/C Compressor Control Circuit High
P06A8	Sensor Reference Voltage C Circuit Range/Performance
P06A9	Sensor Reference Voltage D Circuit Range/Performance
P0700	Transmission Control System TCS Malfunction
P0701	Transmission Control System Range/Performance
P0702	Transmission Control System Electrical
P0703	Torque Converter/Brake Switch B Circuit Malfunction
P0705	Transmission Range Sensor Circuit Malfunction (PRNDL input)
P0706	Transmission Range Sensor A Circuit Range/Performance
P0708	Transmission Range Sensor A Circuit High
P0709	Transmission Range Sensor A Circuit High
P070C	Transmission Fluid Level Sensor Circuit Low
P070D	Transmission Fluid Level Sensor Circuit High
P0710	Transmission Fluid Temperature Sensor A Circuit Malfunction
P0711	Transmission Fluid Temperature Sensor A Circuit Range/Performance
P0712	Transmission Fluid Temperature Sensor A Circuit Low Input
P0713	Transmission Fluid Temperature Sensor A Circuit High Input
P0714	Transmission Fluid Temperature Sensor A Circuit Intermittent
P0715	Input/Turbine Speed Sensor A Circuit
P0718	Input/Turbine Speed Sensor A Circuit Intermittent
P0719	Torque Converter/Brake Switch B Circuit Low
P0720	Output Speed Sensor Circuit Malfunction
P0721	Output Speed Sensor Range/Performance
P0722	Output Speed Sensor No Signal
P0723	Output Speed Sensor Intermittent
P0724	Torque Converter/Brake Switch B Circuit High
P0725	Engine Speed Input Circuit Malfunction
P0726	Engine Speed Input Circuit Range/Performance
P0727	Engine Speed Input Circuit No Signal
P0728	Engine Speed Input Circuit Intermittent
P072A	Stuck In Neutral
P0730	Incorrect Gear Ratio
P0731	Gear 1 Incorrect Ratio
P0732	Gear 2 Incorrect Ratio
P0733	Gear 3 Incorrect Ratio
P0734	Gear 4 Incorrect Ratio
P0735	Gear 5 Incorrect Ratio
P0736	Reverse Incorrect Gear Ratio
P0739	TCM Engine Speed Output Circuit High
P073C	Stuck In Gear 7
P073D	Unable to engage Neutral
P0740	Torque Converter Clutch Circuit Malfunction
P0741	Torque Converter Clutch Circuit Performance or Stuck Off
P0742	Torque Converter Clutch Circuit Stuck On
P0743	Torque Converter Clutch (TCC) Solenoid Circuit Electrical
P0744	Torque Converter Clutch Circuit Intermittent
P0745	Pressure Control Solenoid A Malfunction
P0746	Pressure Control Solenoid A Performance Or Stuck Off
P0747	Pressure Control Solenoid A Stuck On
P0748	Pressure Control Solenoid A Electrical
P0749	Pressure Control Solenoid A Intermittent
P0751	Shift Solenoid A Performance / Stuck Off
P0752	Shift Solenoid A Stuck On
P0754	Shift Solenoid A Intermittent
P0755	Shift Solenoid B Malfunction
P0757	Shift Solenoid B Stuck On
P0758	Shift Solenoid B Electrical
P075D	Shift Solenoid G Electrical
P075E	Shift Solenoid G Intermittent
P0760	Shift Solenoid C Malfunction
P0761	Shift Solenoid C Performance / Stuck Off
P0762	Shift Solenoid C Stuck On
P0763	Shift Solenoid C Electrical
P0764	Shift Solenoid C Intermittent
P0765	Shift Solenoid D Malfunction
P0766	Shift Solenoid D Performance / Stuck Off
P0767	Shift Solenoid D Stuck On
P0768	Shift Solenoid D Electrical
P0769	Shift Solenoid D Intermittent
P076B	Shift Solenoid H Performance / Stuck Off
P076C	Shift Solenoid H Stuck On
P076D	Shift Solenoid H Electrical
P076E	Shift Solenoid H Intermittent
P0770	Shift Solenoid E Malfunction
P0772	Shift Solenoid E Stuck On
P0773	Shift Solenoid E Electrical
P0774	Shift Solenoid E Intermittent
P077A	Output Speed Sensor Circuit - Loss Of Direction Signal
P077B	Output Speed Sensor Circuit - Direction Signal
P0780	Shift Malfunction
P0781	1-2 Shift Malfunction
P0782	2-3 Shift Malfunction
P0783	3-4 Shift Malfunction
P0784	4-5 Shift Malfunction
P0785	Shift Timing Solenoid A Malfunction
P0786	Shift Timing Solenoid A Range/Performance
P0787	Shift Timing Solenoid A Low
P0788	Shift Timing Solenoid A High
P0789	Shift Timing Solenoid A Intermittent
P0790	Normal/Performance Switch Circuit Malfunction
P0798	Pressure Control Solenoid C Electrical
P079F	Transmission Friction Element F Slip Detected
P07A1	Transmission Friction Element H Slip Detected
P07AB	Transmission Friction Element E Stuck On
P07AC	Transmission Friction Element F Performance/Stuck Off
P07B0	Transmission Friction Element H Performance/Stuck Off
P07B1	Transmission Friction Element H Stuck On
P07B5	Transmission Park Position Sensor/Switch A Circuit Performance Low
P07B7	Transmission Park Position Sensor/Switch A Circuit Intermittent/Erratic
P07B8	Transmission Park Position Sensor/Switch B Circuit Open
P07BB	Transmission Park Position Sensor/Switch B Circuit Performance Low
P07BC	Transmission Park Position Sensor/Switch B Circuit Performance High
P0801	Reverse Inhibit Control Circuit Malfunction
P0803	1-4 Upshift (Skip Shift) Solenoid Control Circuit Malfunction
P0804	1-4 Upshift (Skip Shift) Lamp Control Circuit Malfunction
P0805	Clutch Position Sensor Circuit
P0806	Clutch Position Sensor Circuit Range/Performance
P0807	Clutch Position Sensor Circuit Low
P0808	Clutch Position Sensor Circuit High
P0809	Clutch Position Sensor Circuit Intermittent
P0810	Clutch Position Control Error
P0811	Excessive Clutch Slippage
P0812	Reverse Input Circuit
P0813	Reverse Output Circuit
P0814	Transmission Range Display Circuit
P0815	Upshift Switch Circuit
P0816	Downshift Switch Circuit
P0817	Starter Disable Circuit
P0818	Driveline Disconnect Switch Input Circuit
P081B	Starter Disable Circuit High
P0830	Clutch Pedal Switch A Circuit
P0831	Clutch Pedal Switch A Circuit Low
P0832	Clutch Pedal Switch A Circuit High
P0833	Clutch Pedal Switch B Circuit
P0834	Clutch Pedal Switch B Circuit Low
P0835	Clutch Pedal Switch B Circuit High
P0836	Four Wheel Drive (4WD) Switch Circuit
P0839	Four Wheel Drive (4WD) Switch Circuit High
P083D	Transmission Fluid Pressure Sensor / Switch G Circuit High
P0840	Transmission Fluid Pressure Sensor / Switch A Circuit
P0841	Transmission Fluid Pressure Sensor / Switch A Circuit Range Performance Rationality
P0842	Transmission Fluid Pressure Sensor / Switch A Circuit Low
P0843	Transmission Fluid Pressure Sensor / Switch A Circuit High
P0844	Transmission Fluid Pressure Sensor / Switch A Circuit Intermittent
P0845	Transmission Fluid Pressure Sensor / Switch B Circuit
P0846	Transmission Fluid Pressure Sensor / Switch B Circuit Range Performance Rationality
P0847	Transmission Fluid Pressure Sensor / Switch B Circuit Low
P0848	Transmission Fluid Pressure Sensor / Switch B Circuit High
P084D	Transmission Fluid Pressure Sensor / Switch H Circuit High
P084E	Transmission Fluid Pressure Sensor / Switch H Circuit Intermittent
P1031	Left and Right O2 Sensors, before TWC, Mispositioned
P1177	Oil Sensor Signal re Oil Temperature Implausible
P1178	Oil Sensor Signal re Oil Temperature Implausible
P1179	Oil Sensor Signal re Oil Temperature Implausible
P1181	Engine/Climate Control Electric Cooling Fan Malfunction
P1186	Fuel Safety Shut-Off Recognized
P1225	Resonance Intake Manifold Switchover Valve
P1233	Throttle Valve Malfunction
P1357	Cylinder Cutoff (Function Chain)
P1358	Exhaust Valve (Cyl. 5) Not Operated at Cylinder Cutoff
P1359	Exhaust Valve (Cyl. 2) Not Operated at Cylinder Cutoff
P1360	Exhaust Valve (Cyl. 3) Not Operated at Cylinder Cutoff
P1361	Exhaust Valve (Cyl. 8) Not Operated at Cylinder Cutoff
P1366	Exhaust Flap Switchover Valve
P1380	Intake Valve Not Operated at Cylinder Cutoff
P1386	Knock Sensor Control from ECM
P1400	EGR Switchover Valve
P1420	AIR Pump Switchover Valve
P1453	AIR Pump Relay Module
P1491	A/C Refrigerant System Pressure Too High
P1542	Pedal Value Sensor
P1550	A/C Compressor Torque Implausible
P1580	EA/CC/ISC Actuator (Throttle Valve Actuator)
P1584	Stop Lamp Switch
P1642	Engine Control Module Incorrectly Coded
P1644	Transmission Version Cannot Be Checked
P1666	Cylinder Cutoff' Valve Does Not Open at Cutoff
P1681	Crash Signal Not Plausible
P1999	Idle Speed Above or Below Limits
P2000	NOx Trap Efficiency Below Threshold Bank 1
P2002	Diesel Particulate Filter Efficiency Below Threshold Bank 1
P2003	Diesel Particulate Filter Efficiency Below Threshold Bank 2
P2005	Intake Manifold Runner Control Stuck Open Bank 2
P2006	Intake Manifold Runner Control Stuck Closed Bank 1
P2008	Intake Manifold Runner Control Circuit Open Bank 1
P2009	Intake Manifold Runner Control Circuit Low Bank 1
P200B	Intake Manifold Runner Performance Bank 2
P200C	Diesel Particulate Filter Over Temperature Bank 1
P200E	Catalyst System Over Temperature Bank 1
P200F	Catalyst System Over Temperature Bank 2
P2011	Intake Manifold Runner Control Circuit Open Bank 2
P2012	Intake Manifold Runner Control Circuit Low Bank 2
P2014	Intake Manifold Runner Position Sensor / Switch Circuit Bank 1
P2015	Intake Manifold Runner Position Sensor / Switch Circuit Range/Performance Bank 1
P2016	Intake Manifold Runner Position Sensor / Switch Circuit Low Bank 1
P2017	Intake Manifold Runner Position Sensor / Switch Circuit High Bank 1
P2018	Intake Manifold Runner Position Sensor / Switch Circuit Intermittent Bank 1
P2019	Intake Manifold Runner Position Sensor / Switch Circuit Bank 2
P201A	Reductant Injection Valve Circuit Range/Performance Bank 2 Unit 1
P2020	Intake Manifold Runner Position Sensor / Switch Circuit Range/Performance Bank 2
P2021	Intake Manifold Runner Position Sensor / Switch Circuit Low Bank 2
P2022	Intake Manifold Runner Position Sensor / Switch Circuit High Bank 2
P2023	Intake Manifold Runner Position Sensor / Switch Circuit Intermittent Bank 2
P2024	Evaporative Emissions (EVAP) Fuel Vapor Temperature Sensor Circuit
P2025	Evaporative Emissions (EVAP) Fuel Vapor Temperature Sensor Range
P2026	Evaporative Emissions (EVAP) Fuel Vapor Temperature Sensor Circuit Low Voltage
P2027	Evaporative Emissions (EVAP) Fuel Vapor Temperature Sensor Circuit High Voltage
P2029	Fuel Fired Heater Disabled
P202A	Reductant Tank Heater Control Circuit/Open
P202B	Reductant Tank Heater Control Circuit Low
P202C	Reductant Tank Heater Control Circuit High
P202E	Reductant Injection Valve Circuit Range/Performance Bank 1 Unit 1
P202F	Reductant/Regeneration Supply Control Circuit Range/Performance
P2030	Fuel Fired Heater Performance
P2031	Exhaust Gas Temperature EGT Sensor Circuit Bank 1 Sensor 2
P2032	Exhaust Gas Temperature EGT Sensor Circuit Low Bank 1 Sensor 2
P2033	Exhaust Gas Temperature EGT Sensor Circuit High Bank 1 Sensor 2
P2034	Exhaust Gas Temperature EGT Sensor Circuit Low Bank 2 Sensor 2
P2035	Exhaust Gas Temperature EGT Sensor Circuit Low Bank 2 Sensor 2
P2036	Exhaust Gas Temperature EGT Sensor Circuit High Bank 2 Sensor 2
P2037	Reductant Injection Air Pressure Sensor A Circuit
P2038	Reductant Injection Air Pressure Sensor A Circuit Range/Performance
P2039	Reductant Injection Air Pressure Sensor A Circuit Low
P203A	Reductant Level Sensor Circuit
P203B	Reductant Level Sensor Circuit Range/Performance
P203C	Reductant Level Sensor Circuit Low
P203D	Reductant Level Sensor Circuit High
P203E	Reductant Level Sensor Circuit Intermittent/Erratic
P203F	Reductant Level Too Low
P2041	Reductant Injection Air Pressure Sensor A Circuit Intermittent
P2042	Reductant Temperature Sensor Circuit
P2043	Reductant Temperature Sensor Circuit Range/Performance
P2044	Reductant Temperature Sensor Circuit Low
P2045	Reductant Temperature Sensor Circuit High
P2046	Reductant Temperature Sensor Circuit Intermittent
P2047	Reductant Injection Valve Circuit/Open Bank 1 Unit 1
P2049	Reductant Injection Valve Circuit High Bank 1 Unit 1
P204B	Reductant Pressure Sensor Circuit Range/Performance
P204C	Reductant Pressure Sensor Circuit Low
P204D	Reductant Pressure Sensor Circuit High
P204E	Reductant Pressure Sensor Circuit Intermittent/Erratic
P204F	Reductant System Performance Bank 1
P2050	Reductant Injection Valve Circuit/Open Bank 2 Unit 1
P2051	Reductant Injection Valve Circuit Low Bank 2 Unit 1
P2052	Reductant Injection Valve Circuit High Bank 2 Unit 1
P2053	Reductant Injection Valve Circuit/Open Bank 1 Unit 2
P2054	Reductant Injection Valve Circuit Low Bank 1 Unit 2
P2055	Reductant Injection Valve Circuit High Bank 1 Unit 2
P2056	Reductant Injection Valve Circuit/Open Bank 2 Unit 2
P2057	Reductant Injection Valve Circuit Low Bank 2 Unit 2
P2058	Reductant Injection Valve Circuit High Bank 2 Unit 2
P2059	Reductant Injection Air Pump Control Circuit/Open
P205A	Reductant Tank Temperature Sensor Circuit
P205B	Reductant Tank Temperature Sensor Circuit Range/Performance
P205C	Reductant Tank Temperature Sensor Circuit Low
P205E	Reductant Tank Temperature Sensor Circuit Intermittent
P205F	Reductant System Performance Bank 2
P2060	Reductant Injection Air Pump Control Circuit Low
P2061	Reductant Injection Air Pump Control Circuit High
P2062	Reductant/Regeneration Supply Control Circuit/Open
P2063	Reductant/Regeneration Supply Control Circuit Low
P2064	Reductant/Regeneration Supply Control Circuit High
P2065	Fuel Level Sensor B Circuit Malfunction
P2066	Fuel Level Sensor B Circuit Range/Performance
P2067	Fuel Level Sensor B Circuit Low Input
P2068	Fuel Level Sensor B Circuit High Input
P2069	Fuel Level Sensor B Circuit Intermittent
P206F	Intake Manifold Tuning (IMT) Valve Stuck Closed Bank 2
P2070	Intake Manifold Tuning (IMT) Valve Stuck Open Bank 1
P2071	Intake Manifold Tuning (IMT) Valve Stuck Closed Bank 1
P2080	Exhaust Gas Temperature EGT Sensor Circuit Range/Performance Bank 1 Sensor 1
P2081	Exhaust Gas Temperature EGT Sensor Circuit Intermittent Bank 1 Sensor 1
P2082	Exhaust Gas Temperature EGT Sensor Circuit Range/Performance Bank 2 Sensor 1
P2083	Exhaust Gas Temperature EGT Sensor Circuit Intermittent Bank 2 Sensor 1
P2085	Exhaust Gas Temperature EGT Sensor Circuit Intermittent Bank 1 Sensor 2
P2086	Exhaust Gas Temperature EGT Sensor Circuit Range/Performance Bank 2 Sensor 2
P2087	Exhaust Gas Temperature EGT Sensor Circuit Intermittent Bank 2 Sensor 2
P2088	A Camshaft Position Actuator Control Circuit Low Bank 1
P2089	A Camshaft Position Actuator Control Circuit High Bank 1
P2090	B Camshaft Position Actuator Control Circuit Low Bank 1
P2091	B Camshaft Position Actuator Control Circuit High Bank 1
P2092	A Camshaft Position Actuator Control Circuit Low Bank 2
P2093	A Camshaft Position Actuator Control Circuit High Bank 2
P2094	B Camshaft Position Actuator Control Circuit Low Bank 2
P2095	B Camshaft Position Actuator Control Circuit High Bank 2
P2096	Post Catalyst Fuel Trim System Too Lean Bank 1
P2097	Post Catalyst Fuel Trim System Too Rich Bank 1
P2098	Post Catalyst Fuel Trim System Too Lean Bank 2
P2099	Post Catalyst Fuel Trim System Too Rich Bank 2
P209A	Reductant Injection Air Pressure Sensor B Circuit
P209B	Reductant Injection Air Pressure Sensor B Circuit Range/Performance
P209C	Reductant Injection Air Pressure Sensor B Circuit Low
P209D	Reductant Injection Air Pressure Sensor B Circuit High
P209E	Reductant Injection Air Pressure Sensor A/B Correlation
P20A0	Reductant Purge Control Valve Circuit /Open
P20A1	Reductant Purge Control Valve Performance
P20A2	Reductant Purge Control Valve Circuit Low
P20A3	Reductant Purge Control Valve Circuit High
P20A4	Reductant Purge Control Valve Stuck Open
P20A5	Reductant Purge Control Valve Stuck Closed
P20B9	Reductant Heater A Control Circuit/Open
P20BA	Reductant Heater A Control Circuit Performance
P20BC	Reductant Heater A Control Circuit High
P20BD	Reductant Heater B Control Circuit/Open
P20BE	Reductant Heater B Control Circuit Performance
P20BF	Reductant Heater B Control Circuit Low
P20C0	Reductant Heater B Control Circuit High
P20C1	Reductant Heater C Control Circuit/Open
P20C2	Reductant Heater C Control Circuit Performance
P20C3	Reductant Heater C Control Circuit Low
P20C4	Reductant Heater C Control Circuit High
P20C5	Reductant Heater D Control Circuit/Open
P20C6	Reductant Heater D Control Circuit Performance
P20C7	Reductant Heater D Control Circuit Low
P20C8	Reductant Heater D Control Circuit High
P20CB	Exhaust Aftertreatment Fuel Injector A Control Circuit/Open
P20CC	Exhaust Aftertreatment Fuel Injector A Control Circuit Performance
P20CD	Exhaust Aftertreatment Fuel Injector A Control Circuit Low
P20CE	Exhaust Aftertreatment Fuel Injector A Control Circuit High
P20CF	Exhaust Aftertreatment Fuel Injector A Stuck Open
P20D0	Exhaust Aftertreatment Fuel Injector A Stuck Closed
P20D1	Exhaust Aftertreatment Fuel Injector B Control Circuit/Open
P20D2	Exhaust Aftertreatment Fuel Injector B Control Circuit Performance
P20D3	Exhaust Aftertreatment Fuel Injector B Control Circuit Low
P20D4	Exhaust Aftertreatment Fuel Injector B Control Circuit High
P20D5	Exhaust Aftertreatment Fuel Injector B Stuck Open
P20D7	Exhaust Aftertreatment Fuel Supply Control Circuit/Open
P20D8	Exhaust Aftertreatment Fuel Supply Control Circuit Performance
P20D9	Exhaust Aftertreatment Fuel Supply Control Circuit Low
P20DA	Exhaust Aftertreatment Fuel Supply Control Circuit High
P20DB	Exhaust Aftertreatment Fuel Supply Control Stuck Open
P20DC	Exhaust Aftertreatment Fuel Supply Control Stuck Closed
P20DD	Exhaust Aftertreatment Fuel Pressure Sensor Circuit
P20DE	Exhaust Aftertreatment Fuel Pressure Sensor Circuit Range/Performance
P20DF	Exhaust Aftertreatment Fuel Pressure Sensor Circuit Low
P20E0	Exhaust Aftertreatment Fuel Pressure Sensor Circuit High
P20E1	Exhaust Aftertreatment Fuel Pressure Sensor Circuit Intermittent/Erratic
P20E6	Reductant Injection Air Pressure Too Low
P20E7	Reductant Injection Air Pressure Too High
P20EC	SCR NOx Catalyst - Over Temperature Bank 1
P20ED	SCR NOx Pre-Catalyst - Over Temperature Bank 1
P20EE	SCR NOx Catalyst Efficiency Below Threshold Bank 1
P20EF	SCR NOx Pre- Catalyst Efficiency Below Threshold Bank 1
P20F0	SCR NOx Catalyst - Over Temperature Bank 2
P20F1	SCR NOx Pre-Catalyst - Over Temperature Bank 2
P20F2	SCR NOx Catalyst Efficiency Below Threshold Bank 2
P20F3	SCR NOx Pre- Catalyst Efficiency Below Threshold Bank 2
P20F6	Reductant Injection Valve Stuck Open Bank 1 Unit 1
P20F7	Reductant Injection Valve Stuck Open Bank 2 Unit 1
P2100	Throttle Actuator A Control Motor Circuit Open
P2101	Throttle Actuator A Control Motor Circuit Range Performance
P2102	Throttle Actuator A Control Motor Circuit Low
P2103	Throttle Actuator A Control Motor Circuit High
P2104	Throttle Actuator Control System - Forced Idle
P2105	Throttle Actuator Control System - Forced Engine Shutdown
P2106	Throttle Actuator Control System - Forced Limited Power
P2107	Throttle Actuator Control Module Processor
P2108	Throttle Actuator Control Module Performance
P2109	Throttle/Pedal Position Sensor A Minimum Stop Performance
P210A	Throttle Actuator B Control Motor Circuit Open
P2111	Throttle Actuator Control System Stuck Open
P2112	Throttle Actuator Control System Stuck Closed
P2122	Throttle/Pedal Position Sensor/Switch D Circuit Low Input
P2123	Throttle/Pedal Position Sensor/Switch D Circuit High Input
P2127	Throttle/Pedal Position Sensor/Switch E Circuit Low Input
P2128	Throttle/Pedal Position Sensor/Switch E Circuit High Input
P212A	Throttle Position Sensor/Switch G Circuit Malfunction
P212B	Throttle Position Sensor/Switch G Circuit Range/Performance
P212C	Throttle/Pedal Position Sensor/Switch G Circuit Low Input
P2135	Throttle/Pedal Pos Sensor/Switch A / B Voltage Correlation
P2138	Throttle/Pedal Pos Sensor/Switch D / E Voltage Correlation
P2176	Throttle Actuator Control System - Idle Position Not Learned
P2180	System Too Rich Off Idle Bank 2
P2190	System Too Rich Off Idle Bank 2
P2193	System Too Lean At Higher Load Bank 2
P2196	O2 A/F Sensor Signal Biased/Stuck Rich (Bank 1 Sensor 1)
P2200	NOx Sensor Circuit Bank 1
P2201	NOx Sensor Circuit Range/Performance Bank 1
P2202	NOx Sensor Circuit Low Bank 1
P2203	NOx Sensor Circuit High Bank 1
P2204	NOx Sensor Circuit Intermittent Bank 1
P2206	NOx Sensor Heater Control Circuit Low Bank 1
P2207	NOx Sensor Heater Control Circuit High Bank 1
P2210	NOx Sensor Heater Sense Circuit Low Bank 1
P2211	NOx Sensor Heater Sense Circuit High Bank 1
P2212	NOx Sensor Heater Sense Circuit Intermittent Bank 1
P2220	NOx Sensor Heater Control Circuit High Bank 2
P2221	NOx Sensor Heater Sense Circuit Bank 2
P2222	NOx Sensor Heater Sense Circuit Range/Performance Bank 2
P222A	Barometric Pressure Sensor B
P222B	Barometric Pressure Sensor B Range/Performance
P222C	Barometric Pressure Sensor B Low
P222D	Barometric Pressure Sensor B High
P222E	Barometric Pressure Sensor B Intermittent/Erratic
P2236	O2 Sensor Signal Circuit Shorted to Heater Circuit Bank 2 Sensor 3
P2271	O2 Sensor Signal Biased/Stuck Rich Bank 1 Sensor 2
P2272	O2 Sensor Signal Stuck Lean Bank 2 Sensor 2
P2273	O2 Sensor Signal Biased/Stuck Rich Bank 2 Sensor 2
P2276	O2 Sensor Signal Stuck Lean Bank 2 Sensor 3
P228E	Fuel Pressure Regulator 1 Exceeded Learning Limits - Too Low
P228F	Fuel Pressure Regulator 1 Exceeded Control Limits - Too High
P2300	Ignition Coil A Primary Control Circuit Low
P2301	Ignition Coil A Primary Control Circuit High
P2310	Ignition Coil D Primary Control Circuit High
P2311	Ignition Coil D Secondary Circuit
P2312	Ignition Coil E Primary Control Circuit Low
P2313	Ignition Coil E Primary Control Circuit High
P2314	Ignition Coil E Secondary Circuit
P2316	Ignition Coil F Primary Control Circuit High
P2317	Ignition Coil F Secondary Circuit
P2318	Ignition Coil G Primary Control Circuit Low
P2319	Ignition Coil G Primary Control Circuit High
P2328	Ignition Coil J Primary Control Circuit High
P2331	Ignition Coil K Primary Control Circuit High
P2332	Ignition Coil K Secondary Circuit
P2333	Ignition Coil L Primary Control Circuit Low
P2334	Ignition Coil L Primary Control Circuit High
P2335	Ignition Coil L Secondary Circuit
P2336	Cylinder 1 Above Knock Threshold
P2337	Cylinder 2 Above Knock Threshold
P2338	Cylinder 3 Above Knock Threshold
P2500	Generator Lamp/L Terminal Circuit Low
P2501	Generator Lamp/L Terminal Circuit High
P2515	A/C Refrigerant Pressure Sensor B Circuit Malfunction
P2516	A/C Refrigerant Pressure Sensor B Circuit Range/Performance
P2517	A/C Refrigerant Pressure Sensor B Circuit Low
P2518	A/C Refrigerant Pressure Sensor B Circuit High
P252B	Engine Oil Quality Sensor Circuit Range/Performance
P252C	Engine Oil Quality Sensor Circuit Low
P252D	Engine Oil Quality Sensor Circuit High
P252E	Engine Oil Quality Circuit Intermittent/Erratic
P253A	PTO Sense Circuit /Open
P253B	PTO Sense Circuit Range/Performance
P253C	PTO Sense Circuit Low
P253E	PTO Sense Circuit Intermittent/Erratic
P255E	PTO Speed Selector Sensor/Switch 2 Intermittent/Erratic
P2600	Coolant Pump A Control Circuit Open
P2601	Coolant Pump A Control Circuit Range Performance
P2602	Coolant Pump A Control Circuit Low
P2603	Coolant Pump A Control Circuit High
P2626	O2 Sensor Pumping Current Trim Circuit/Open Bank 1 Sensor 1
P2715	Pressure Control Solenoid D Stuck On
P2716	Pressure Control Solenoid D Electrical
P2724	Pressure Control Solenoid E Stuck On
P2725	Pressure Control Solenoid E Electrical
P2731	Pressure Control Solenoid F Malfunction
P2733	Pressure Control Solenoid F Stuck On
P2746	Intermediate Shaft Speed Sensor B Circuit Range/Performance
P2767	Input/Turbine Speed Sensor B Circuit No Signal
P2768	Input/Turbine Speed Sensor B Circuit Intermittent
P2816	Pressure Control Solenoid H Malfunction
P281A	Pressure Control Solenoid H Intermittent
P281F	Pressure Control Solenoid J Malfunction
P2823	Pressure Control Solenoid J Intermittent
P282C	Pressure Control Solenoid K Intermittent
P282D	Pressure Control Solenoid K Control Circuit/Open
P282E	Pressure Control Solenoid K Control Circuit Range/Performance
P282F	Pressure Control Solenoid K Control Circuit Low
P2830	Pressure Control Solenoid K Control Circuit High
P3406	Cylinder 1 Exhaust Valve Control Circuit Performance
U0073	Control Module Communication Bus A Off
U0100	Lost Communication With ECM/PCM A
U0101	Lost Communication with Transmission Control Module (TCM)
U0102	Lost Communication with Transfer Case Control Module (TCCM)
U0103	Lost Communication with Gear Shift Control (GSC) Module
U0104	Lost Communication with Cruise Control Module (CCM)
U0105	Lost Communication with Fuel Injector Control Module (FICM)
U010D	Lost Communication With Turbocharger / Supercharger Control Module B
U011C	Lost Communication With Rocker Arm Control Module B
U0148	Lost Communication With Gateway C
U0178	Lost Communication With Restraints System Sensor I
U0179	Lost Communication With Restraints System Sensor J
U017B	Lost Communication With Restraints System Sensor L
U017C	Lost Communication With Restraints System Sensor M
U017D	Lost Communication With Restraints System Sensor N
U0185	Lost Communication With Antenna Control Module
U0188	Lost Communication With Digital Disc Player/Changer Module B
U0189	Lost Communication With Digital Disc Player/Changer Module C
U0190	Lost Communication With Digital Disc Player/Changer Module D
U0192	Lost Communication With Personal Computer
U0197	Lost Communication With Telephone Control Module
U0198	Lost Communication With Telematic Control Module
U0205	Lost Communication With Door Control Module G
U0219	Lost Communication With Door Switch E
U0220	Lost Communication With Door Switch F
U0221	Lost Communication With Door Switch G
U0223	Lost Communication With Door Window Motor B
U0224	Lost Communication With Door Window Motor C
U0225	Lost Communication With Door Window Motor D
U0226	Lost Communication With Door Window Motor E
U0227	Lost Communication With Door Window Motor F
U0228	Lost Communication With Door Window Motor G
U0229	Lost Communication With Heated Steering Wheel Module
U0234	Lost Communication With Convenience Recall Module
U0235	Lost Communication With Cruise Control Front Distance Range Sensor
U0239	Lost Communication With Entrapment Control Module A
U023D	Lost Communication With Cruise Control Front Distance Range Sensor Left
U023E	Lost Communication With Cruise Control Front Distance Range Sensor Right
U0240	Lost Communication With Entrapment Control Module B
U0247	Lost Communication With Seat Control Module F
U025A	Lost Communication With Special Purpose Vehicle Control Module B
U025C	Lost Communication With Special Purpose Vehicle Control Module D
U0261	Lost Communication With Seat Control Switch Module B
U0262	Lost Communication With AMP Unit B
U0286	Lost Communication With Radiator Anti Tamper Device
U0288	Lost Communication With DC to AC Converter Control Module-A
U0289	Lost Communication With DC to AC Converter Control Module-B
U0295	Lost Communication With AC to AC Converter Control Module
U0296	Lost Communication With AC to DC Converter Control Module-A
U0297	Lost Communication With AC to DC Converter Control Module-B
U029B	Lost Communication with Drive Motor Control Module C
U029C	Lost Communication with Drive Motor Control Module D
